"verbatimIdentificationQualifier","standardIdentificationQualifier","uri","checked","opinionBy","opinionDate"
" B1001 TYPE of Pachycephala rufiventris minor, Zietz, 1914 (see SAOA 1(1):15",,,1,"John Wieczorek","2017-08-25"
" sp.","sp.",,1,"John Wieczorek","2017-08-25"
" SYNTYPE of Rhipidura mayi, Ashby, 1911 (see Emu 11:41)",,,1,"John Wieczorek","2017-08-25"
"""",,,1,"John Wieczorek","2017-08-25"
"""sp. 1""","sp.",,1,"John Wieczorek","2017-08-25"
"""sp. 2""","sp.",,1,"John Wieczorek","2017-08-25"
"(=Z. cornutus)",,,1,"John Wieczorek","2017-08-25"
"(Achirostomias)  n. sp.","sp. nov.",,1,"John Wieczorek","2017-08-25"
"(Alburnops) sp.","sp.",,1,"John Wieczorek","2017-08-25"
"(Alburnops) sp. longirostris","sp.",,1,"John Wieczorek","2017-08-25"
"(Alvordius) sp.","sp.",,1,"John Wieczorek","2017-08-25"
"(aurulenta subsp.)","ssp.",,1,"John Wieczorek","2017-08-25"
"(Biradiostomias) sp.","sp.",,1,"John Wieczorek","2017-08-25"
"(budytes ?) sp.","sp.",,1,"John Wieczorek","2017-08-25"
"(Catonotus) sp.","sp.",,1,"John Wieczorek","2017-08-25"
"(cyprinella) sp.","sp.",,1,"John Wieczorek","2017-08-25"
"(Doration) sp.","sp.",,1,"John Wieczorek","2017-08-25"
"(Duméril & Bibron, 1839)",,,1,"John Wieczorek","2017-08-25"
"(Duméril & Bibron, 1841)",,,1,"John Wieczorek","2017-08-25"
"(Duméril, 1853)",,,1,"John Wieczorek","2017-08-25"
"(Etheostoma) sp.","sp.",,1,"John Wieczorek","2017-08-25"
"(gyroloides subsp.)","ssp.",,1,"John Wieczorek","2017-08-25"
"(Hapclonus) sp.","sp.",,1,"John Wieczorek","2017-08-25"
"(Loricariichthys)sp.","sp.",,1,"John Wieczorek","2017-08-25"
"(Nanostoma) sp.","sp.",,1,"John Wieczorek","2017-08-25"
"(Nominostomias ) n. sp.","sp. nov.",,1,"John Wieczorek","2017-08-25"
"(Nominostomias) n. sp. A","sp. nov.",,1,"John Wieczorek","2017-08-25"
"(Nominostomias) n. sp. B","sp. nov.",,1,"John Wieczorek","2017-08-25"
"(Nominostomias) sp.","sp.",,1,"John Wieczorek","2017-08-25"
"(Nominostomias) sp. #1","sp.",,1,"John Wieczorek","2017-08-25"
"(Nominostomias) sp. (#2)","sp.",,1,"John Wieczorek","2017-08-25"
"(probably)","in question",,1,"John Wieczorek","2017-08-25"
"(Pteronotropist) sp.","sp.",,1,"John Wieczorek","2017-08-25"
"(s.s.) sp.","sp.",,1,"John Wieczorek","2017-08-25"
"(slhumops) sp. longinostris","sp.",,1,"John Wieczorek","2017-08-25"
"(sp. nov)","sp. nov.",,1,"John Wieczorek","2017-08-25"
"(sp.)","sp.",,1,"John Wieczorek","2017-08-25"
"(sp.?)","sp.",,1,"John Wieczorek","2017-08-25"
"(Ulocentra) sp.","sp.",,1,"John Wieczorek","2017-08-25"
"*specimen lost",,,1,"John Wieczorek","2017-08-25"
"?","in question",,1,"John Wieczorek","2017-08-25"
"? class","class in question",,1,"John Wieczorek","2017-08-25"
"? class ?id","class in question",,1,"John Wieczorek","2017-08-25"
"? fam","family in question",,1,"John Wieczorek","2017-08-25"
"? fam & genus","family, genus in question",,1,"John Wieczorek","2017-08-25"
"? fam order","order, family in question",,1,"John Wieczorek","2017-08-25"
"? fam, ? gen","family, genus in question",,1,"John Wieczorek","2017-08-25"
"? family","family in question",,1,"John Wieczorek","2017-08-25"
"? fm","family in question",,1,"John Wieczorek","2017-08-25"
"? gen","genus in question",,1,"John Wieczorek","2017-08-25"
"? gen & sp.","genus, species in question",,1,"John Wieczorek","2017-08-25"
"? gen ? sp","genus, species in question",,1,"John Wieczorek","2017-08-25"
"? gen ?sp","genus, species in question",,1,"John Wieczorek","2017-08-25"
"? gen.","genus in question",,1,"John Wieczorek","2017-08-25"
"? gen. & sp.","genus, species in question",,1,"John Wieczorek","2017-08-25"
"? gen+fam","family, genus in question",,1,"John Wieczorek","2017-08-25"
"? gen+sp","genus, species in question",,1,"John Wieczorek","2017-08-25"
"? genus","genus in question",,1,"John Wieczorek","2017-08-25"
"? GN","genus in question",,1,"John Wieczorek","2017-08-25"
"? id","id in question",,1,"John Wieczorek","2017-08-25"
"? ord","order in question",,1,"John Wieczorek","2017-08-25"
"? order","order in question",,1,"John Wieczorek","2017-08-25"
"? order ? fam","order, family in question",,1,"John Wieczorek","2017-08-25"
"? order ? family","order, family in question",,1,"John Wieczorek","2017-08-25"
"? order ?fam","order, family in question",,1,"John Wieczorek","2017-08-25"
"? order, fam","order, family in question",,1,"John Wieczorek","2017-08-25"
"? order; tent. gen&sp.","order in question",,1,"John Wieczorek","2017-08-25"
"? ordr","order in question",,1,"John Wieczorek","2017-08-25"
"? ordr ? fam","order, family in question",,1,"John Wieczorek","2017-08-25"
"? other id","id in question",,1,"John Wieczorek","2017-08-25"
"? otherid","id in question",,1,"John Wieczorek","2017-08-25"
"? sp","species in question",,1,"John Wieczorek","2017-08-25"
"? sp.","species in question",,1,"John Wieczorek","2017-08-25"
"? sp.; not available to GPW","species in question",,1,"John Wieczorek","2017-08-25"
"? species","species in question",,1,"John Wieczorek","2017-08-25"
"? subfam","subfamily in question",,1,"John Wieczorek","2017-08-25"
"? subfamily","subfamily in question",,1,"John Wieczorek","2017-08-25"
"? taxon","id in question",,1,"John Wieczorek","2017-08-25"
"?, ?genus","genus in question",,1,"John Wieczorek","2017-08-25"
"?, ?genus, ?sp","genus, species in question",,1,"John Wieczorek","2017-08-25"
"?, ?sp","species in question",,1,"John Wieczorek","2017-08-25"
"?, ?sp, worn","species in question",,1,"John Wieczorek","2017-08-25"
"?, ?sp.","species in question",,1,"John Wieczorek","2017-08-25"
"?, cf sp","species in question",,1,"John Wieczorek","2017-08-25"
"?, worn","species in question",,1,"John Wieczorek","2017-08-25"
"?cl","class in question",,1,"John Wieczorek","2017-08-25"
"?class","class in question",,1,"John Wieczorek","2017-08-25"
"?ele","id in question",,1,"John Wieczorek","2017-08-25"
"?ele (DP4/), ?sp","species in question",,1,"John Wieczorek","2017-08-25"
"?fam","family in question",,1,"John Wieczorek","2017-08-25"
"?fam ?gen","family, genus in question",,1,"John Wieczorek","2017-08-25"
"?family","family in question",,1,"John Wieczorek","2017-08-25"
"?fm","family in question",,1,"John Wieczorek","2017-08-25"
"?formosa?thomps.; (Weil 2004)","id in question",,1,"John Wieczorek","2017-08-25"
"?ge","genus in question",,1,"John Wieczorek","2017-08-25"
"?gen","genus in question",,1,"John Wieczorek","2017-08-25"
"?gen ?sp","genus, species in question",,1,"John Wieczorek","2017-08-25"
"?gen.","genus in question",,1,"John Wieczorek","2017-08-25"
"?gen; L > 4mm (Weil 2004)","genus in question",,1,"John Wieczorek","2017-08-25"
"?genus","genus in question",,1,"John Wieczorek","2017-08-25"
"?genus, ?sp","genus, species in question",,1,"John Wieczorek","2017-08-25"
"?genus, big","genus in question",,1,"John Wieczorek","2017-08-25"
"?gn","genus in question",,1,"John Wieczorek","2017-08-25"
"?gn ?sp","genus, species in question",,1,"John Wieczorek","2017-08-25"
"?gn?sp","genus, species in question",,1,"John Wieczorek","2017-08-25"
"?ord?fm","order, family in question",,1,"John Wieczorek","2017-08-25"
"?order","order in question",,1,"John Wieczorek","2017-08-25"
"?order ?gen","genus in question",,1,"John Wieczorek","2017-08-25"
"?other id","id in question",,1,"John Wieczorek","2017-08-25"
"?sp","species in question",,1,"John Wieczorek","2017-08-25"
"?sp ?trochuus","species in question",,1,"John Wieczorek","2017-08-25"
"?sp, ?genus","genus, species in question",,1,"John Wieczorek","2017-08-25"
"?sp, big","species in question",,1,"John Wieczorek","2017-08-25"
"?sp, small","species in question",,1,"John Wieczorek","2017-08-25"
"?sp, worn","species in question",,1,"John Wieczorek","2017-08-25"
"?sp.","species in question",,1,"John Wieczorek","2017-08-25"
"?sp.; not available to GPW","species in question",,1,"John Wieczorek","2017-08-25"
"?sp; big","species in question",,1,"John Wieczorek","2017-08-25"
"?sp; M. seminoensis or E. browni","species in question",,1,"John Wieczorek","2017-08-25"
"?sp; not available to GPW","species in question",,1,"John Wieczorek","2017-08-25"
"?sp; small","species in question",,1,"John Wieczorek","2017-08-25"
"?sp; very big","species in question",,1,"John Wieczorek","2017-08-25"
"?species","species in question",,1,"John Wieczorek","2017-08-25"
"?subfam","subfamily in question",,1,"John Wieczorek","2017-08-25"
"[n. gen., n. sp.]","gen. nov.",,1,"John Wieczorek","2017-08-25"
"`",,,1,"John Wieczorek","2017-08-25"
"{billsi n. sp.}","sp. nov.",,1,"John Wieczorek","2017-08-25"
"{chilala n. sp.}","sp. nov.",,1,"John Wieczorek","2017-08-25"
"{Congo n. sp.}","sp. nov.",,1,"John Wieczorek","2017-08-25"
"{kalungwishi n. sp.}","sp. nov.",,1,"John Wieczorek","2017-08-25"
"{L. Kyogo n. sp.}","sp. nov.",,1,"John Wieczorek","2017-08-25"
"{Malagarasi n. sp.}","sp. nov.",,1,"John Wieczorek","2017-08-25"
"{Mangula n. sp.}","sp. nov.",,1,"John Wieczorek","2017-08-25"
"{Mottled n. sp. 2.}","sp. nov.",,1,"John Wieczorek","2017-08-25"
"{ntumbachushi n. sp.}","sp. nov.",,1,"John Wieczorek","2017-08-25"
"{Ruiki n. sp.}","sp. nov.",,1,"John Wieczorek","2017-08-25"
"{Ruvu n. sp.}","sp. nov.",,1,"John Wieczorek","2017-08-25"
"{Ruzizi n. sp.}","sp. nov.",,1,"John Wieczorek","2017-08-25"
"{ubangi 1 n. sp.}","sp. nov.",,1,"John Wieczorek","2017-08-25"
"{zakoni n. sp.}","sp. nov.",,1,"John Wieczorek","2017-08-25"
"1(1):15. W.D. Dodd No. 559.",,,1,"John Wieczorek","2017-08-25"
"14.5 in. s.l.",,,1,"John Wieczorek","2017-08-25"
"155 m.m. s.l.",,,1,"John Wieczorek","2017-08-25"
"180mm s.l., (dried)",,,1,"John Wieczorek","2017-08-25"
"190 m.m. s.l.",,,1,"John Wieczorek","2017-08-25"
"1967",,,1,"John Wieczorek","2017-08-25"
"200 m.m. s.l.",,,1,"John Wieczorek","2017-08-25"
"212 m.m. s.l.",,,1,"John Wieczorek","2017-08-25"
"215 m.m. s.l.",,,1,"John Wieczorek","2017-08-25"
"220 m.m. s.l.",,,1,"John Wieczorek","2017-08-25"
"225 m.m. s.l.",,,1,"John Wieczorek","2017-08-25"
"234 m.m. s.l.",,,1,"John Wieczorek","2017-08-25"
"243 m.m. s.l.",,,1,"John Wieczorek","2017-08-25"
"250 m.m. s.l.",,,1,"John Wieczorek","2017-08-25"
"255 m.m. s.l.",,,1,"John Wieczorek","2017-08-25"
"258 m.m. s.l.",,,1,"John Wieczorek","2017-08-25"
"260 m.m. s.l.",,,1,"John Wieczorek","2017-08-25"
"262 m.m. s.l.",,,1,"John Wieczorek","2017-08-25"
"294 m.m. s.l.",,,1,"John Wieczorek","2017-08-25"
"300 m.m. s.l.",,,1,"John Wieczorek","2017-08-25"
"310mm s.l.,Head=78mm",,,1,"John Wieczorek","2017-08-25"
"315mm s.l.,Head=84mm",,,1,"John Wieczorek","2017-08-25"
"344 m.m. s.l.",,,1,"John Wieczorek","2017-08-25"
"370 m.m. s.l.",,,1,"John Wieczorek","2017-08-25"
"4 SAMA paratypes (numbers unknown) missing",,,1,"John Wieczorek","2017-08-25"
"400 m.m. t.l.",,,1,"John Wieczorek","2017-08-25"
"435 m.m. s.l.",,,1,"John Wieczorek","2017-08-25"
"44.5 c.m. t.l.",,,1,"John Wieczorek","2017-08-25"
"451 m.m. s.l.",,,1,"John Wieczorek","2017-08-25"
"480 m.m. s.l.",,,1,"John Wieczorek","2017-08-25"
"490 m.m. t.l.",,,1,"John Wieczorek","2017-08-25"
"670 m.m. s.l.",,,1,"John Wieczorek","2017-08-25"
"740m.m.s.l.tip of tail ab",,,1,"John Wieczorek","2017-08-25"
"aegyptiaca X sp.","aegyptiaca X sp.",,1,"John Wieczorek","2017-08-25"
"aff maldivensis","aff. Maldivensis",,1,"John Wieczorek","2017-08-25"
"aff sp","aff.",,1,"John Wieczorek","2017-08-25"
"aff.","aff.",,1,"John Wieczorek","2017-08-25"
"aff. amethystina","aff. amethystina",,1,"John Wieczorek","2017-08-25"
"aff. aureopigmentatus","aff. aureopigmentatus",,1,"John Wieczorek","2017-08-25"
"aff. emetica","aff. emetica",,1,"John Wieczorek","2017-08-25"
"aff. humidicola","aff. humidicola",,1,"John Wieczorek","2017-08-25"
"aff. laccata","aff. laccata",,1,"John Wieczorek","2017-08-25"
"aff. lentiginosa","aff. lentiginosa",,1,"John Wieczorek","2017-08-25"
"aff. nervosa","aff. nervosa",,1,"John Wieczorek","2017-08-25"
"aff. obscuratus","aff. obscuratus",,1,"John Wieczorek","2017-08-25"
"aff. oligoporpa","aff. oligoporpa",,1,"John Wieczorek","2017-08-25"
"aff. ovata","aff. ovata",,1,"John Wieczorek","2017-08-25"
"aff. palmata","aff. palmata",,1,"John Wieczorek","2017-08-25"
"aff. paniculata","aff. paniculata",,1,"John Wieczorek","2017-08-25"
"aff. riparia","aff. riparia",,1,"John Wieczorek","2017-08-25"
"aff. smilacinus","aff. smilacinus",,1,"John Wieczorek","2017-08-25"
"aff. sororcula","aff. sororcula",,1,"John Wieczorek","2017-08-25"
"Along with B548 & B549 SYNTYPE of Sericornis maculatus houtmanensis, Zietz, 1921, (see SAOA 6(2): 44-5). W.D. Dodd No. 119.",,,1,"John Wieczorek","2017-08-25"
"americana or crassidens","species in question",,1,"John Wieczorek","2017-08-25"
"argyropleuron sp. 1","sp. nov.",,1,"John Wieczorek","2017-08-25"
"argyropleuron sp. 2","sp. nov.",,1,"John Wieczorek","2017-08-25"
"Arvicolinae",,,1,"John Wieczorek","2017-08-25"
"ash.sp.a","sp.",,1,"John Wieczorek","2017-08-25"
"ash.sp.b","sp.",,1,"John Wieczorek","2017-08-25"
"ash.sp.c","sp.",,1,"John Wieczorek","2017-08-25"
"asper  n. gen,","gen. nov.",,1,"John Wieczorek","2017-08-25"
"auriceps large black tailed sp.","sp.",,1,"John Wieczorek","2017-08-25"
"B sp.","sp.",,1,"John Wieczorek","2017-08-25"
"B1336 HOLOTYPE of Aprosmictus erythropterus melvillensis, Zietz, 1914 (see SAOA 1(1):14",,,1,"John Wieczorek","2017-08-25"
"B1365 TYPE SPECIMEN of Chalcophaps chrysochlora melvillensis, Zietz, 1914 (see SAOA 1(1):12). W.D. Dodd No. 630.",,,1,"John Wieczorek","2017-08-25"
"B2237 HOLOTYPE of Psephotus haematonotus caeruleus, Condon, 1941 (see Records SAM 7:141)",,,1,"John Wieczorek","2017-08-25"
"B2303 TYPE of Climacteris waitei,White, 1917 (see Emu 16:168-9); B2304 PARATYPE of Climacteris waitei, White, 1917 (see Emu 16:168-9)",,,1,"John Wieczorek","2017-08-25"
"B4506 HOLOTYPE of Zosterops westernensis flindersensis, Ashby, 1925 (see Emu 25:117)",,,1,"John Wieczorek","2017-08-25"
"B547,  B548 & B549 SYNTYPE of Sericornis maculatus houtmanensis, Zietz, 1921, (see SAOA 6(2): 44-5). W.D. Dodd No. 119.",,,1,"John Wieczorek","2017-08-25"
"B547, B548 & B549 SYNTYPE of Sericornis maculatus houtmanensis, Zietz, 1921, (see SAOA 6(2): 44-5). W.D. Dodd No. 119.",,,1,"John Wieczorek","2017-08-25"
"B5669 HOLOTYPE of Calamanthus fuliginosus suttoni, Condon, 1951 (see SAOA 20:51)",,,1,"John Wieczorek","2017-08-25"
"B5673  HOLOTYPE of Cinclosoma castanotusm morgani, Condon, 1951 (see SAOA 20:42)",,,1,"John Wieczorek","2017-08-25"
"baileyi n. sp.","sp. nov.",,1,"John Wieczorek","2017-08-25"
"Balanussp.","sp.",,1,"John Wieczorek","2017-08-25"
"balsodichthys X sp.","balsodichthys X sp.",,1,"John Wieczorek","2017-08-25"
"BELLENDENENSIS N.SP.","sp. nov.",,1,"John Wieczorek","2017-08-25"
"big",,,1,"John Wieczorek","2017-08-25"
"botulum n. sp.","sp. nov.",,1,"John Wieczorek","2017-08-25"
"broken",,,1,"John Wieczorek","2017-08-25"
"bryanti n. sp.","sp. nov.",,1,"John Wieczorek","2017-08-25"
"Bufo sp.","sp.",,1,"John Wieczorek","2017-08-25"
"c",,,1,"John Wieczorek","2017-08-25"
"C sp.1","sp.",,1,"John Wieczorek","2017-08-25"
"C. sp. X G. nycthemerus","C. sp. X G. nycthemerus",,1,"John Wieczorek","2017-08-25"
"C. sp. X P. colchicus","C. sp. X P. colchicus",,1,"John Wieczorek","2017-08-25"
"c.f. canadensis","cf. canadensis",,1,"John Wieczorek","2017-08-25"
"c.f. Chaetodipus","cf. Chaetodipus",,1,"John Wieczorek","2017-08-25"
"c.f. cinerea","cf. cinerea",,1,"John Wieczorek","2017-08-25"
"c.f. Marmota flaviventris","cf. Marmota flaviventris",,1,"John Wieczorek","2017-08-25"
"c.f. Neotoma","cf. Neotoma",,1,"John Wieczorek","2017-08-25"
"c.f. Ovis c.f. canadensis","cf. canadensis",,1,"John Wieczorek","2017-08-25"
"c.f. Spilogale","cf. Spilogale",,1,"John Wieczorek","2017-08-25"
"c.f. tigris","cf. tigris",,1,"John Wieczorek","2017-08-25"
"cactorum sp. nov.","sp. nov.",,1,"John Wieczorek","2017-08-25"
"candichorum (sp.?)","sp.",,1,"John Wieczorek","2017-08-25"
"cf","cf.",,1,"John Wieczorek","2017-08-25"
"cf achirus","cf. achirus",,1,"John Wieczorek","2017-08-25"
"cf aculeatus","cf. aculeatus",,1,"John Wieczorek","2017-08-25"
"cf aequipinnis","cf. aequipinnis",,1,"John Wieczorek","2017-08-25"
"cf affinis","cf. affinis",,1,"John Wieczorek","2017-08-25"
"cf aliciae","cf. aliciae",,1,"John Wieczorek","2017-08-25"
"cf antipodianus","cf. antipodianus",,1,"John Wieczorek","2017-08-25"
"cf atrum","cf. atrum",,1,"John Wieczorek","2017-08-25"
"cf barbatus","cf. barbatus",,1,"John Wieczorek","2017-08-25"
"cf Bolinichthys","cf. Bolinichthys",,1,"John Wieczorek","2017-08-25"
"cf bougainvillii","cf. bougainvillii",,1,"John Wieczorek","2017-08-25"
"cf boulengeri","cf. boulengeri",,1,"John Wieczorek","2017-08-25"
"cf brachygnathum","cf. brachygnathum",,1,"John Wieczorek","2017-08-25"
"cf calcea","cf. calcea",,1,"John Wieczorek","2017-08-25"
"cf Chaetodipus","cf. Chaetodipus",,1,"John Wieczorek","2017-08-25"
"cf cinerea","cf. cinerea",,1,"John Wieczorek","2017-08-25"
"cf cinereoargenteus","cf. cinereoargenteus",,1,"John Wieczorek","2017-08-25"
"cf class","cf.",,1,"John Wieczorek","2017-08-25"
"cf cribroris","cf. cribroris",,1,"John Wieczorek","2017-08-25"
"cf dunckeri","cf. dunckeri",,1,"John Wieczorek","2017-08-25"
"cf effulgens","cf. effulgens",,1,"John Wieczorek","2017-08-25"
"cf fam","cf.",,1,"John Wieczorek","2017-08-25"
"cf fam cf gen","cf.",,1,"John Wieczorek","2017-08-25"
"cf family","cf.",,1,"John Wieczorek","2017-08-25"
"cf filamentosus","cf. filamentosus",,1,"John Wieczorek","2017-08-25"
"cf flaviventris","cf. flaviventris",,1,"John Wieczorek","2017-08-25"
"cf fm","cf.",,1,"John Wieczorek","2017-08-25"
"cf gen","cf.",,1,"John Wieczorek","2017-08-25"
"cf gen + sp","cf.",,1,"John Wieczorek","2017-08-25"
"cf gen cf sp","cf.",,1,"John Wieczorek","2017-08-25"
"cf gen, ?sp","cf.",,1,"John Wieczorek","2017-08-25"
"cf gen+sp","cf.",,1,"John Wieczorek","2017-08-25"
"cf genus","cf.",,1,"John Wieczorek","2017-08-25"
"cf genus and species","cf.",,1,"John Wieczorek","2017-08-25"
"cf gn","cf.",,1,"John Wieczorek","2017-08-25"
"cf gn cf sp","cf.",,1,"John Wieczorek","2017-08-25"
"cf hellwaldii","cf. hellwaldii",,1,"John Wieczorek","2017-08-25"
"cf indicus","cf. indicus",,1,"John Wieczorek","2017-08-25"
"cf intima","cf. intima",,1,"John Wieczorek","2017-08-25"
"cf longimanus","cf. longimanus",,1,"John Wieczorek","2017-08-25"
"cf lucifer","cf. lucifer",,1,"John Wieczorek","2017-08-25"
"cf luetkeni","cf. luetkeni",,1,"John Wieczorek","2017-08-25"
"cf malayana","cf. malayana",,1,"John Wieczorek","2017-08-25"
"cf melbournensis","cf. melbournensis",,1,"John Wieczorek","2017-08-25"
"cf microcephalus","cf. microcephalus",,1,"John Wieczorek","2017-08-25"
"cf nigrescens","cf. nigrescens",,1,"John Wieczorek","2017-08-25"
"cf oblongus","cf. oblongus",,1,"John Wieczorek","2017-08-25"
"cf obtusirostre","cf. obtusirostre",,1,"John Wieczorek","2017-08-25"
"cf occidentalis","cf. occidentalis",,1,"John Wieczorek","2017-08-25"
"cf olidus","cf. olidus",,1,"John Wieczorek","2017-08-25"
"cf order","cf.",,1,"John Wieczorek","2017-08-25"
"cf other_id","cf.",,1,"John Wieczorek","2017-08-25"
"cf otherid","cf.",,1,"John Wieczorek","2017-08-25"
"cf Ovis canadensis","cf. Ovis canadensis",,1,"John Wieczorek","2017-08-25"
"cf paucimaculatus","cf. paucimaculatus",,1,"John Wieczorek","2017-08-25"
"cf philippinensis","cf. philippinensis",,1,"John Wieczorek","2017-08-25"
"cf pontohi","cf. pontohi",,1,"John Wieczorek","2017-08-25"
"cf quadrispinosa","cf. quadrispinosa",,1,"John Wieczorek","2017-08-25"
"cf Rhabdognathus rarus.","cf. Rhabdognathus rarus",,1,"John Wieczorek","2017-08-25"
"cf rhomboidea","cf. rhomboidea",,1,"John Wieczorek","2017-08-25"
"cf scheelei","cf. scheelei",,1,"John Wieczorek","2017-08-25"
"cf sp","cf.",,1,"John Wieczorek","2017-08-25"
"cf sp cf gn","cf.",,1,"John Wieczorek","2017-08-25"
"cf sp, ?genus, worn","cf.",,1,"John Wieczorek","2017-08-25"
"cf sp, very worn","cf.",,1,"John Wieczorek","2017-08-25"
"cf sp, worn","cf.",,1,"John Wieczorek","2017-08-25"
"cf sp.","cf.",,1,"John Wieczorek","2017-08-25"
"cf sp; ?genus","cf.",,1,"John Wieczorek","2017-08-25"
"cf species","cf.",,1,"John Wieczorek","2017-08-25"
"cf Spilogale","cf. Spilogale",,1,"John Wieczorek","2017-08-25"
"cf spinifera","cf. spinifera",,1,"John Wieczorek","2017-08-25"
"cf stenodactylum","cf. stenodactylum",,1,"John Wieczorek","2017-08-25"
"cf subfam","cf.",,1,"John Wieczorek","2017-08-25"
"cf suborder","cf.",,1,"John Wieczorek","2017-08-25"
"cf subsp","cf.",,1,"John Wieczorek","2017-08-25"
"cf subspecies","cf.",,1,"John Wieczorek","2017-08-25"
"cf vaigiensis","cf. vaigiensis",,1,"John Wieczorek","2017-08-25"
"cf viridis","cf. viridis",,1,"John Wieczorek","2017-08-25"
"cf, so,","cf.",,1,"John Wieczorek","2017-08-25"
"cf.","cf.",,1,"John Wieczorek","2017-08-25"
"cf. A. nobilis","cf. nobilis",,1,"John Wieczorek","2017-08-25"
"cf. acuminata","cf. acuminata",,1,"John Wieczorek","2017-08-25"
"cf. Aetiocetidae","cf. Aetiocetidae",,1,"John Wieczorek","2017-08-25"
"cf. buroletti","cf. buroletti",,1,"John Wieczorek","2017-08-25"
"cf. C. occidentalis","cf. occidentalis",,1,"John Wieczorek","2017-08-25"
"cf. caracasanum","cf. caracasanum",,1,"John Wieczorek","2017-08-25"
"cf. diplostemona","cf. diplostemona",,1,"John Wieczorek","2017-08-25"
"cf. fam.","cf.",,1,"John Wieczorek","2017-08-25"
"cf. family","cf.",,1,"John Wieczorek","2017-08-25"
"cf. family, cf. genus","cf.",,1,"John Wieczorek","2017-08-25"
"cf. family, ge. cf.","cf.",,1,"John Wieczorek","2017-08-25"
"cf. family, subfamily","cf.",,1,"John Wieczorek","2017-08-25"
"cf. frondosa","cf. frondosa",,1,"John Wieczorek","2017-08-25"
"cf. G. moringa","cf. moringa",,1,"John Wieczorek","2017-08-25"
"cf. gen","cf.",,1,"John Wieczorek","2017-08-25"
"cf. gen.","cf.",,1,"John Wieczorek","2017-08-25"
"cf. genus","cf.",,1,"John Wieczorek","2017-08-25"
"cf. hylophilus","cf. hylophilus",,1,"John Wieczorek","2017-08-25"
"cf. iridolepis","cf. iridolepis",,1,"John Wieczorek","2017-08-25"
"cf. latrans","cf. latrans",,1,"John Wieczorek","2017-08-25"
"cf. major","cf. major",,1,"John Wieczorek","2017-08-25"
"cf. meridensis","cf. meridensis",,1,"John Wieczorek","2017-08-25"
"cf. moretonensis (sp. b)","cf. moretonensis",,1,"John Wieczorek","2017-08-25"
"cf. n. sp. F of Klapper","cf. n. sp. F of Klapper",,1,"John Wieczorek","2017-08-25"
"cf. obscurifolia","cf. obscurifolia",,1,"John Wieczorek","2017-08-25"
"cf. order","cf.",,1,"John Wieczorek","2017-08-25"
"cf. other_id","cf.",,1,"John Wieczorek","2017-08-25"
"cf. otherid","cf.",,1,"John Wieczorek","2017-08-25"
"cf. pulchra","cf. pulchra",,1,"John Wieczorek","2017-08-25"
"cf. sp","cf.",,1,"John Wieczorek","2017-08-25"
"cf. sp, spp","cf.",,1,"John Wieczorek","2017-08-25"
"cf. sp.","cf.",,1,"John Wieczorek","2017-08-25"
"cf. sp. 2",,,1,"John Wieczorek","2017-08-25"
"cf. sp., ?sp.","cf.",,1,"John Wieczorek","2017-08-25"
"cf. sp.; worn","cf.",,1,"John Wieczorek","2017-08-25"
"cf. species","cf.",,1,"John Wieczorek","2017-08-25"
"cf. spiralis","cf. spiralis",,1,"John Wieczorek","2017-08-25"
"cf. subfamily","cf.",,1,"John Wieczorek","2017-08-25"
"cf. umbratus","cf. umbratus",,1,"John Wieczorek","2017-08-25"
"cf.gn","cf.",,1,"John Wieczorek","2017-08-25"
"cf.gn sp","cf.",,1,"John Wieczorek","2017-08-25"
"cf.sp","cf.",,1,"John Wieczorek","2017-08-25"
"cfsp","cf.",,1,"John Wieczorek","2017-08-25"
"Chiasmocleis sp.","sp.",,1,"John Wieczorek","2017-08-25"
"chrysocephala s","sp. nov.",,1,"John Wieczorek","2017-08-25"
"chrysocephalus X sp.","chrysocephalus X sp.",,1,"John Wieczorek","2017-08-25"
"cl ?","class in question",,1,"John Wieczorek","2017-08-25"
"cl ? ;or ?","class, order question in order",,1,"John Wieczorek","2017-08-25"
"cl cf","class in question",,1,"John Wieczorek","2017-08-25"
"CL?","class in question",,1,"John Wieczorek","2017-08-25"
"class ?","class in question",,1,"John Wieczorek","2017-08-25"
"class cf","cf.",,1,"John Wieczorek","2017-08-25"
"colchicus mongolicus X colchicus ssp.","colchicus mongolicus X colchicus ssp.",,1,"John Wieczorek","2017-08-25"
"crassum sp. nov","sp. nov.",,1,"John Wieczorek","2017-08-25"
"Cryptodira",,,1,"John Wieczorek","2017-08-25"
"curiosus sp. no","sp. nov.",,1,"John Wieczorek","2017-08-25"
"cyanellus x L. sp.","cyanellus x L. sp.",,1,"John Wieczorek","2017-08-25"
"cyanellus x sp.","cyanellus X sp.",,1,"John Wieczorek","2017-08-25"
"DARWINI N.SP.","sp. nov.",,1,"John Wieczorek","2017-08-25"
"dfh  sp. 18","sp.",,1,"John Wieczorek","2017-08-25"
"dfh  sp. 34","sp.",,1,"John Wieczorek","2017-08-25"
"dfh  sp. 36","sp.",,1,"John Wieczorek","2017-08-25"
"dfh n.sp.","sp.",,1,"John Wieczorek","2017-08-25"
"dfh sp. 12","sp.",,1,"John Wieczorek","2017-08-25"
"dfh sp. 36","sp.",,1,"John Wieczorek","2017-08-25"
"dfh sp.16","sp.",,1,"John Wieczorek","2017-08-25"
"dfh sp.17","sp.",,1,"John Wieczorek","2017-08-25"
"dfh sp.4","sp.",,1,"John Wieczorek","2017-08-25"
"dfh sp.6","sp.",,1,"John Wieczorek","2017-08-25"
"dfh sp.8","sp.",,1,"John Wieczorek","2017-08-25"
"dfh sp.9","sp.",,1,"John Wieczorek","2017-08-25"
"Dr Glenn Shea - Australian Museum",,,1,"John Wieczorek","2017-08-25"
"Dr Paul Oliver - Museum Victoria",,,1,"John Wieczorek","2017-08-25"
"egregia or sp. nov.","species in question",,1,"John Wieczorek","2017-08-25"
"EmydidC",,,1,"John Wieczorek","2017-08-25"
"Erinaceoidea",,,1,"John Wieczorek","2017-08-25"
"Eryops also",,,1,"John Wieczorek","2017-08-25"
"Euryodus also",,,1,"John Wieczorek","2017-08-25"
"ex. gr.","ex. gr.",,1,"John Wieczorek","2017-08-25"
"fa ?","family in question",,1,"John Wieczorek","2017-08-25"
"fa ? ;ge ?","family, genus in question",,1,"John Wieczorek","2017-08-25"
"fa ? ;ge ? ;sp ?","family, genus, species in question",,1,"John Wieczorek","2017-08-25"
"fa ? ;ge cf","cf.",,1,"John Wieczorek","2017-08-25"
"fa ? ;oi ?","family in question",,1,"John Wieczorek","2017-08-25"
"fa ? ;sp cf","cf.",,1,"John Wieczorek","2017-08-25"
"fa cf","cf.",,1,"John Wieczorek","2017-08-25"
"fa cf;ge ?","cf.",,1,"John Wieczorek","2017-08-25"
"fam ?","family in question",,1,"John Wieczorek","2017-08-25"
"Fam. ?","family in question",,1,"John Wieczorek","2017-08-25"
"Female, 505m.m. s.l.",,,1,"John Wieczorek","2017-08-25"
"female?",,,1,"John Wieczorek","2017-08-25"
"fl=80m.m.",,,1,"John Wieczorek","2017-08-25"
"fm ?","family in question",,1,"John Wieczorek","2017-08-25"
"fm cf","cf.",,1,"John Wieczorek","2017-08-25"
"FM GN ?","family, genus in question",,1,"John Wieczorek","2017-08-25"
"FM?","family in question",,1,"John Wieczorek","2017-08-25"
"fusca n. sp.","sp. nov.",,1,"John Wieczorek","2017-08-25"
"G J. Witten",,,1,"John Wieczorek","2017-08-25"
"galbula ssp. bullockii","ssp.",,1,"John Wieczorek","2017-08-25"
"gardineri n.sp.","sp. nov.",,1,"John Wieczorek","2017-08-25"
"ge ?","genus in question",,1,"John Wieczorek","2017-08-25"
"ge ? ;oi ?","genus in question",,1,"John Wieczorek","2017-08-25"
"ge ? ;sp ?","genus, species in question",,1,"John Wieczorek","2017-08-25"
"ge ? ;sp cf","genus, species in question",,1,"John Wieczorek","2017-08-25"
"ge ? or Desmostylus?","genus in question",,1,"John Wieczorek","2017-08-25"
"ge cf","cf.",,1,"John Wieczorek","2017-08-25"
"ge cf.","cf.",,1,"John Wieczorek","2017-08-25"
"ge cf;sp ?","cf.",,1,"John Wieczorek","2017-08-25"
"ge cf;sp cf","cf.",,1,"John Wieczorek","2017-08-25"
"ge nr","cf.",,1,"John Wieczorek","2017-08-25"
"ge. cf.","cf.",,1,"John Wieczorek","2017-08-25"
"ge. cf. sp. cf.","cf.",,1,"John Wieczorek","2017-08-25"
"ge?","genus in question",,1,"John Wieczorek","2017-08-25"
"gen","genus in question",,1,"John Wieczorek","2017-08-25"
"gen cf.","cf.",,1,"John Wieczorek","2017-08-25"
"gen in quotes","genus in question",,1,"John Wieczorek","2017-08-25"
"gen indet","gen. indet.",,1,"John Wieczorek","2017-08-25"
"gen nr","genus in question",,1,"John Wieczorek","2017-08-25"
"gen. ?","genus in question",,1,"John Wieczorek","2017-08-25"
"Gen. A sp. A","Gen. A sp. A",,1,"John Wieczorek","2017-08-25"
"gen. A, sp. A","gen. A, sp. A",,1,"John Wieczorek","2017-08-25"
"gen?","genus in question",,1,"John Wieczorek","2017-08-25"
"genus ?","genus in question",,1,"John Wieczorek","2017-08-25"
"Genus and Species uncertain, Family identified",,,1,"John Wieczorek","2017-08-25"
"Genus and Species unknown, Family identified",,,1,"John Wieczorek","2017-08-25"
"Genus identified, Species uncertain",,,1,"John Wieczorek","2017-08-25"
"Genus identified, Species unknown",,,1,"John Wieczorek","2017-08-25"
"genus in question","genus in question",,1,"John Wieczorek","2017-08-25"
"genus in question, species in question","genus in question, species in question",,1,"John Wieczorek","2017-08-25"
"genus in quotes","genus in question",,1,"John Wieczorek","2017-08-25"
"genus in quotes and ?","genus in question",,1,"John Wieczorek","2017-08-25"
"genus in quotes, cf gen","cf.",,1,"John Wieczorek","2017-08-25"
"genus in quotes, cf sp","cf.",,1,"John Wieczorek","2017-08-25"
"genus in quotes. ? Sp","genus, species in question",,1,"John Wieczorek","2017-08-25"
"genus questioned","genus in question",,1,"John Wieczorek","2017-08-25"
"Genus uncertain, Species unknown, Family identified",,,1,"John Wieczorek","2017-08-25"
"genus, ?sp","genus, species in question",,1,"John Wieczorek","2017-08-25"
"Genus, Species and Family uncertain",,,1,"John Wieczorek","2017-08-25"
"gn ?","genus in question",,1,"John Wieczorek","2017-08-25"
"gn ? sp ?","genus, species in question",,1,"John Wieczorek","2017-08-25"
"gn cf","cf.",,1,"John Wieczorek","2017-08-25"
"gn cf sg cf","cf.",,1,"John Wieczorek","2017-08-25"
"gn cf sp cf","cf.",,1,"John Wieczorek","2017-08-25"
"gn?","genus in question",,1,"John Wieczorek","2017-08-25"
"grandmariae n. sp.","sp. nov.",,1,"John Wieczorek","2017-08-25"
"Gray, 1842",,,1,"John Wieczorek","2017-08-25"
"gs ?","genus in question",,1,"John Wieczorek","2017-08-25"
"gs cf","cf.",,1,"John Wieczorek","2017-08-25"
"gulosus X sp.","gulosus X sp.",,1,"John Wieczorek","2017-08-25"
"haematodus x Eos sp.","haematodus x Eos sp.",,1,"John Wieczorek","2017-08-25"
"Holotype larger of 2 specimens in jar",,,1,"John Wieczorek","2017-08-25"
"HOLOTYPE of Aprosmictus erythropterus melvillensis, Zietz, 1914 (see SAOA 1(1):14",,,1,"John Wieczorek","2017-08-25"
"HOLOTYPE of Astur clarus robustus, Zietz, 1914; grey phase, see SAOA 1(1):13. W.D. Dodd No. 574.",,,1,"John Wieczorek","2017-08-25"
"HOLOTYPE of Chrysococcyx minutillus melvillensis, Zietz, 1914 (see SAOA 1(1):14. W.D. Dodd No. 666).",,,1,"John Wieczorek","2017-08-25"
"Holotype SAMA?? 300mm",,,1,"John Wieczorek","2017-08-25"
"Hyla sp.","sp.",,1,"John Wieczorek","2017-08-25"
"I. sp. b","sp.",,1,"John Wieczorek","2017-08-25"
"Identified",,,1,"John Wieczorek","2017-08-25"
"incertae sedis","incertae sedis",,1,"John Wieczorek","2017-08-25"
"indet sp.","sp.",,1,"John Wieczorek","2017-08-25"
"indet. sp.","sp.",,1,"John Wieczorek","2017-08-25"
"indet. sp. 1","sp.",,1,"John Wieczorek","2017-08-25"
"informal","informal",,1,"John Wieczorek","2017-08-25"
"inornatus x sp. Uniparens",,,1,"John Wieczorek","2017-08-25"
"isolepis sp.1","sp.",,1,"John Wieczorek","2017-08-25"
"isolepis sp.2","sp.",,1,"John Wieczorek","2017-08-25"
"isp.","isp.",,1,"John Wieczorek","2017-08-25"
"janitor n. sp.","sp. nov.",,1,"John Wieczorek","2017-08-25"
"jasoni n. sp.","sp. nov.",,1,"John Wieczorek","2017-08-25"
"juvenile",,,1,"John Wieczorek","2017-08-25"
"juvenile?",,,1,"John Wieczorek","2017-08-25"
"kobelti n. sp.","sp. nov.",,1,"John Wieczorek","2017-08-25"
"L=170m.m.",,,1,"John Wieczorek","2017-08-25"
"large",,,1,"John Wieczorek","2017-08-25"
"large sp.","sp.",,1,"John Wieczorek","2017-08-25"
"Leposternon sp.","sp.",,1,"John Wieczorek","2017-08-25"
"leuciodus X sp.","leuciodus X sp.",,1,"John Wieczorek","2017-08-25"
"levinae n. sp.","sp. nov.",,1,"John Wieczorek","2017-08-25"
"LJH magnolia sp.1","LJH magnolia sp.1",,1,"John Wieczorek","2017-08-25"
"LJH magnolia sp.2","LJH magnolia sp.2",,1,"John Wieczorek","2017-08-25"
"LJH n.sp.IIIa","LJH n.sp.IIIa",,1,"John Wieczorek","2017-08-25"
"LJH n.sp.IV","LJH n.sp.IV",,1,"John Wieczorek","2017-08-25"
"LJH n.sp.IVa","LJH n.sp.IVa",,1,"John Wieczorek","2017-08-25"
"LJH n.sp.VII","LJH n.sp.VII",,1,"John Wieczorek","2017-08-25"
"LJH n.sp.X","LJH n.sp.X",,1,"John Wieczorek","2017-08-25"
"LJH n.sp.XIV","LJH n.sp.XIV",,1,"John Wieczorek","2017-08-25"
"LJH n.sp.XIX","LJH n.sp.XIX",,1,"John Wieczorek","2017-08-25"
"LJH n.sp.XV","LJH n.sp.XV",,1,"John Wieczorek","2017-08-25"
"LJH n.sp.XVII","LJH n.sp.XVII",,1,"John Wieczorek","2017-08-25"
"LJH n.sp.XVIII","LJH n.sp.XVIII",,1,"John Wieczorek","2017-08-25"
"LJH n.sp.XX","LJH n.sp.XX",,1,"John Wieczorek","2017-08-25"
"LJH n.sp.XXI","LJH n.sp.XXI",,1,"John Wieczorek","2017-08-25"
"LJH n.sp.XXIX","LJH n.sp.XXIX",,1,"John Wieczorek","2017-08-25"
"LJH n.sp.XXX","LJH n.sp.XXX",,1,"John Wieczorek","2017-08-25"
"LJH n.sp.XXXI","LJH n.sp.XXXI",,1,"John Wieczorek","2017-08-25"
"lobatum n. sp.","sp. nov.",,1,"John Wieczorek","2017-08-25"
"Lobosculumsp.","sp.",,1,"John Wieczorek","2017-08-25"
"lutrensa X sp.","lutrensa X sp.",,1,"John Wieczorek","2017-08-25"
"macrochirus X sp.","macrochirus X sp.",,1,"John Wieczorek","2017-08-25"
"male",,,1,"John Wieczorek","2017-08-25"
"malthe x sp.","malthe x sp.",,1,"John Wieczorek","2017-08-25"
"mauldinensis sp. nov.","mauldinensis sp. nov.",,1,"John Wieczorek","2017-08-25"
"megalotis X sp.","megalotis X sp.",,1,"John Wieczorek","2017-08-25"
"Micropogoniassp.","sp.",,1,"John Wieczorek","2017-08-25"
"moai n. sp.","sp. nov.",,1,"John Wieczorek","2017-08-25"
"n sp.","sp. nov.",,1,"John Wieczorek","2017-08-25"
"n sp. ""L402""","sp. nov.",,1,"John Wieczorek","2017-08-25"
"n. gen. n. sp.","n. gen. n. sp.",,1,"John Wieczorek","2017-08-25"
"n. sp.","sp. nov.",,1,"John Wieczorek","2017-08-25"
"n. sp. #1","sp. nov.",,1,"John Wieczorek","2017-08-25"
"n. sp. #2","sp. nov.",,1,"John Wieczorek","2017-08-25"
"n. sp. (cf. achirus)","sp. nov. (cf. achirus)",,1,"John Wieczorek","2017-08-25"
"n. sp. (cf. fitzsimonsi)","sp. nov. (cf. fitzsimonsi)",,1,"John Wieczorek","2017-08-25"
"n. sp. (cf. pusillus)","sp. nov. (cf. pusillus)",,1,"John Wieczorek","2017-08-25"
"n. sp. (cf. regani)","sp. nov. (cf. regani)",,1,"John Wieczorek","2017-08-25"
"n. sp. (cf. signifera)","sp. nov. (cf. signifera)",,1,"John Wieczorek","2017-08-25"
"n. sp. (cf. theta)","sp. nov. (cf. theta)",,1,"John Wieczorek","2017-08-25"
"n. sp. (ms)","sp. nov.",,1,"John Wieczorek","2017-08-25"
"n. sp. (yucatana group)","sp. nov. (yucatana group)",,1,"John Wieczorek","2017-08-25"
"n. sp. [blue-spotted]","sp. nov.",,1,"John Wieczorek","2017-08-25"
"n. sp. “bimaculatus”","sp. nov.",,1,"John Wieczorek","2017-08-25"
"n. sp. “Congo”","sp. nov.",,1,"John Wieczorek","2017-08-25"
"n. sp. “negro/alto orinoco”","sp. nov.",,1,"John Wieczorek","2017-08-25"
"n. sp. “Rufiji”","sp. nov.",,1,"John Wieczorek","2017-08-25"
"n. sp. “tailspot”","sp. nov.",,1,"John Wieczorek","2017-08-25"
"n. sp. 1","sp. nov.",,1,"John Wieczorek","2017-08-25"
"n. sp. 10","sp. nov.",,1,"John Wieczorek","2017-08-25"
"n. sp. 11","sp. nov.",,1,"John Wieczorek","2017-08-25"
"n. sp. 12","sp. nov.",,1,"John Wieczorek","2017-08-25"
"n. sp. 13","sp. nov.",,1,"John Wieczorek","2017-08-25"
"n. sp. 2","sp. nov.",,1,"John Wieczorek","2017-08-25"
"n. sp. 3","sp. nov.",,1,"John Wieczorek","2017-08-25"
"n. sp. 4","n. sp. 4",,1,"John Wieczorek","2017-08-25"
"n. sp. 5","n. sp. 5",,1,"John Wieczorek","2017-08-25"
"n. sp. 6","sp. nov.",,1,"John Wieczorek","2017-08-25"
"n. sp. 7","sp. nov.",,1,"John Wieczorek","2017-08-25"
"n. sp. 8","sp. nov.",,1,"John Wieczorek","2017-08-25"
"n. sp. 9","sp. nov.",,1,"John Wieczorek","2017-08-25"
"n. sp. a","sp. nov.",,1,"John Wieczorek","2017-08-25"
"n. sp. b","sp. nov.",,1,"John Wieczorek","2017-08-25"
"n. sp. B (short gland)","sp. nov.",,1,"John Wieczorek","2017-08-25"
"n. sp. c","sp. nov.",,1,"John Wieczorek","2017-08-25"
"n. sp. d","sp. nov.",,1,"John Wieczorek","2017-08-25"
"n. sp. D of Klapper","n. sp. D of Klapper",,1,"John Wieczorek","2017-08-25"
"n. sp. E of Klapper","n. sp. E of Klapper",,1,"John Wieczorek","2017-08-25"
"n. sp. F of Klapper","n. sp. F of Klapper",,1,"John Wieczorek","2017-08-25"
"n. sp. J","sp. nov.",,1,"John Wieczorek","2017-08-25"
"n. sp. ms","sp. nov.",,1,"John Wieczorek","2017-08-25"
"n. sp. Q","sp. nov.",,1,"John Wieczorek","2017-08-25"
"n.sp.","sp. nov.",,1,"John Wieczorek","2017-08-25"
"n.sp. ""common""","sp. nov.",,1,"John Wieczorek","2017-08-25"
"n.sp. ""tavi""","sp. nov.",,1,"John Wieczorek","2017-08-25"
"n.sp. (cf. reticulatus)","sp. nov. (cf. reticulatus)",,1,"John Wieczorek","2017-08-25"
"n.sp. (ms)","sp. nov.",,1,"John Wieczorek","2017-08-25"
"n.sp. 1","sp. nov.",,1,"John Wieczorek","2017-08-25"
"n.sp. 9","sp. nov.",,1,"John Wieczorek","2017-08-25"
"n.sp. a","sp. nov.",,1,"John Wieczorek","2017-08-25"
"n.sp. cf novaecaledoniae","sp. nov.",,1,"John Wieczorek","2017-08-25"
"n.sp. 'common'","sp. nov.",,1,"John Wieczorek","2017-08-25"
"n.sp. Coral Sea","sp. nov.",,1,"John Wieczorek","2017-08-25"
"n.sp.1","sp. nov.",,1,"John Wieczorek","2017-08-25"
"n.sp.2","sp. nov.",,1,"John Wieczorek","2017-08-25"
"n.sp.3","sp. nov.",,1,"John Wieczorek","2017-08-25"
"n.sp.sp.2","sp. nov.",,1,"John Wieczorek","2017-08-25"
"n.sp.sp.3","sp. nov.",,1,"John Wieczorek","2017-08-25"
"n.sp.sp.5","sp. nov.",,1,"John Wieczorek","2017-08-25"
"n.sp.sp.7","sp. nov.",,1,"John Wieczorek","2017-08-25"
"near sp","cf.",,1,"John Wieczorek","2017-08-25"
"near sp.","cf.",,1,"John Wieczorek","2017-08-25"
"new sp.","sp. nov.",,1,"John Wieczorek","2017-08-25"
"not id-able to sp. (Weil 2004)",,,1,"John Wieczorek","2017-08-25"
"nov sp.1","sp. nov.",,1,"John Wieczorek","2017-08-25"
"nov. subsp.","ssp. nov.",,1,"John Wieczorek","2017-08-25"
"novecrinita n.","sp. nov.",,1,"John Wieczorek","2017-08-25"
"nr","cf.",,1,"John Wieczorek","2017-08-25"
"nr gn","cf.",,1,"John Wieczorek","2017-08-25"
"nr sp","cf.",,1,"John Wieczorek","2017-08-25"
"nr.","cf.",,1,"John Wieczorek","2017-08-25"
"nsp. 6","sp. nov.",,1,"John Wieczorek","2017-08-25"
"oi ?","id in question",,1,"John Wieczorek","2017-08-25"
"oi cf","id in question",,1,"John Wieczorek","2017-08-25"
"okadai n. sp.","sp. nov.",,1,"John Wieczorek","2017-08-25"
"okra sp.1","okra sp.1",,1,"John Wieczorek","2017-08-25"
"or ?","order in question",,1,"John Wieczorek","2017-08-25"
"or ? ;fa ?","order, family in question",,1,"John Wieczorek","2017-08-25"
"or ? ;fa ? ;ge ?","order, family, genus in question",,1,"John Wieczorek","2017-08-25"
"or ? ;sp ?","order in question",,1,"John Wieczorek","2017-08-25"
"or ? ;sp cf","cf.",,1,"John Wieczorek","2017-08-25"
"or ?, fa ?","order, family in question",,1,"John Wieczorek","2017-08-25"
"or ?, worn","order in question",,1,"John Wieczorek","2017-08-25"
"or ?; fa ?","order, family in question",,1,"John Wieczorek","2017-08-25"
"or ?; sp ?","order in question",,1,"John Wieczorek","2017-08-25"
"or Carnivora","order in question",,1,"John Wieczorek","2017-08-25"
"or cf","cf.",,1,"John Wieczorek","2017-08-25"
"or M. seminoensis","species in question",,1,"John Wieczorek","2017-08-25"
"or nr","cf.",,1,"John Wieczorek","2017-08-25"
"or Pliohippus","genus in question",,1,"John Wieczorek","2017-08-25"
"oreas x Nocomis sp.","oreas x Nocomis sp.",,1,"John Wieczorek","2017-08-25"
"Otophryne sp.","sp.",,1,"John Wieczorek","2017-08-25"
"Ovophis monticolo (Günther, 1964)",,,1,"John Wieczorek","2017-08-25"
"palm sp. 1","palm sp. 1",,1,"John Wieczorek","2017-08-25"
"palm sp.1","palm sp.1",,1,"John Wieczorek","2017-08-25"
"pandora X R. sp.","pandora X R. sp.",,1,"John Wieczorek","2017-08-25"
"PATZNERI N. SP.","sp. nov.",,1,"John Wieczorek","2017-08-25"
"paulsoni ssp. tasmai","ssp.",,1,"John Wieczorek","2017-08-25"
"perlates (subsp.)","ssp.",,1,"John Wieczorek","2017-08-25"
"pipilodryas sp.","sp. nov.",,1,"John Wieczorek","2017-08-25"
"possibly gen","genus in question",,1,"John Wieczorek","2017-08-25"
"possibly gen +sp","genus, species in question",,1,"John Wieczorek","2017-08-25"
"possibly sp.","species in question",,1,"John Wieczorek","2017-08-25"
"potomacensis sp. nov.","potomacensis sp. nov.",,1,"John Wieczorek","2017-08-25"
"probable","in question",,1,"John Wieczorek","2017-08-25"
"probably","id in question",,1,"John Wieczorek","2017-08-25"
"proserpina x Notropis sp.","proserpina X Notropis sp.",,1,"John Wieczorek","2017-08-25"
"Q sp","species in question",,1,"John Wieczorek","2017-08-25"
"quadrimucronatus ssp. indet.","quadrimucronatus ssp. indet.",,1,"John Wieczorek","2017-08-25"
"regani (n. ssp.)","ssp. nov. (regani)",,1,"John Wieczorek","2017-08-25"
"regularis x sp.","sp.",,1,"John Wieczorek","2017-08-25"
"remarks:2 = W.D. Dodd. No. 451.B1002, B1003 PARATYPES of Pachycephala rufiventris minor, Zietz, 1914 (see SAOA 1(1):15. W.D. Dodd No. 519.",,,1,"John Wieczorek","2017-08-25"
"rhamnophyll sp.1","rhamnophyll sp.1",,1,"John Wieczorek","2017-08-25"
"rhina,binoculata,inornata","species in question",,1,"John Wieczorek","2017-08-25"
"rw sp. 18","sp.",,1,"John Wieczorek","2017-08-25"
"rw sp. 23","sp.",,1,"John Wieczorek","2017-08-25"
"rw sp. 25","sp.",,1,"John Wieczorek","2017-08-25"
"rw sp. 26","sp.",,1,"John Wieczorek","2017-08-25"
"rw sp. 28","sp.",,1,"John Wieczorek","2017-08-25"
"rw sp. 34","sp.",,1,"John Wieczorek","2017-08-25"
"rw sp. 50","sp.",,1,"John Wieczorek","2017-08-25"
"rw sp. 62","sp.",,1,"John Wieczorek","2017-08-25"
"rw sp. 68","sp.",,1,"John Wieczorek","2017-08-25"
"rw sp.36","sp.",,1,"John Wieczorek","2017-08-25"
"rw sp.50","sp.",,1,"John Wieczorek","2017-08-25"
"rw sp.62","sp.",,1,"John Wieczorek","2017-08-25"
"rw sp.63","sp.",,1,"John Wieczorek","2017-08-25"
"S. ellioti X G. sp.","S. ellioti X G. sp.",,1,"John Wieczorek","2017-08-25"
"s.l.sp.","s.l.sp.",,1,"John Wieczorek","2017-08-25"
"samara-sp. 2","samara-sp. 2",,1,"John Wieczorek","2017-08-25"
"samara-sp.2","samara-sp.2",,1,"John Wieczorek","2017-08-25"
"Scinax lescurei sp. nov.","sp. nov.",,1,"John Wieczorek","2017-08-25"
"See notes for references",,,1,"John Wieczorek","2017-08-25"
"seed gen. A sp. A","seed gen. A sp. A",,1,"John Wieczorek","2017-08-25"
"seed gen. A sp. B","seed gen. A sp. B",,1,"John Wieczorek","2017-08-25"
"seed gen. B sp. A","seed gen. B sp. A",,1,"John Wieczorek","2017-08-25"
"seed gen. B sp. B","seed gen. B sp. B",,1,"John Wieczorek","2017-08-25"
"seed gen. C sp. A","seed gen. C sp. A",,1,"John Wieczorek","2017-08-25"
"seed gen. D sp. A","seed gen. D sp. A",,1,"John Wieczorek","2017-08-25"
"sensu lato","s.l.",,1,"John Wieczorek","2017-08-25"
"sg ?","genus, species in question",,1,"John Wieczorek","2017-08-25"
"sg cf","cf.",,1,"John Wieczorek","2017-08-25"
"sg cf;sp cf","cf.",,1,"John Wieczorek","2017-08-25"
"Sigmodontinae",,,1,"John Wieczorek","2017-08-25"
"small",,,1,"John Wieczorek","2017-08-25"
"small sp.","small sp.",,1,"John Wieczorek","2017-08-25"
"Some uncertainty as to identification",,,1,"John Wieczorek","2017-08-25"
"sp","sp.",,1,"John Wieczorek","2017-08-25"
"sp ?","species in question",,1,"John Wieczorek","2017-08-25"
"sp cf","cf.",,1,"John Wieczorek","2017-08-25"
"sp cf. ss cf","cf.",,1,"John Wieczorek","2017-08-25"
"sp cf; worn","cf.",,1,"John Wieczorek","2017-08-25"
"SP D","sp.",,1,"John Wieczorek","2017-08-25"
"sp near","cf.",,1,"John Wieczorek","2017-08-25"
"sp nr","cf.",,1,"John Wieczorek","2017-08-25"
"sp.","sp.",,1,"John Wieczorek","2017-08-25"
"sp. ""6""","sp. nov.",,1,"John Wieczorek","2017-08-25"
"sp. ""A""",,,1,"John Wieczorek","2017-08-25"
"sp. ""atrox/patrox""","sp.",,1,"John Wieczorek","2017-08-25"
"sp. ""B""",,,1,"John Wieczorek","2017-08-25"
"sp. ""b&w""","sp. nov.",,1,"John Wieczorek","2017-08-25"
"sp. ""b+w""","sp. nov.",,1,"John Wieczorek","2017-08-25"
"sp. ""big eyes""","sp. nov.",,1,"John Wieczorek","2017-08-25"
"sp. ""black&white""","sp. nov.",,1,"John Wieczorek","2017-08-25"
"sp. ""blotch""","sp. nov.",,1,"John Wieczorek","2017-08-25"
"sp. ""broad stripe""","sp. nov.",,1,"John Wieczorek","2017-08-25"
"sp. ""C""",,,1,"John Wieczorek","2017-08-25"
"sp. ""corta""","sp. nov.",,1,"John Wieczorek","2017-08-25"
"sp. ""dark spots""","sp. nov.",,1,"John Wieczorek","2017-08-25"
"sp. ""flat""","sp. nov.",,1,"John Wieczorek","2017-08-25"
"sp. ""freckled""","sp. nov.",,1,"John Wieczorek","2017-08-25"
"sp. ""humphead""","sp. nov.",,1,"John Wieczorek","2017-08-25"
"sp. ""kazumbe""","sp.",,1,"John Wieczorek","2017-08-25"
"sp. ""linea""","sp. nov.",,1,"John Wieczorek","2017-08-25"
"sp. ""long adipose fin""","sp. nov.",,1,"John Wieczorek","2017-08-25"
"sp. ""marbled""","sp. nov.",,1,"John Wieczorek","2017-08-25"
"sp. ""moshi""","sp.",,1,"John Wieczorek","2017-08-25"
"sp. ""mottled""","sp. nov.",,1,"John Wieczorek","2017-08-25"
"sp. ""pintado""","sp. nov.",,1,"John Wieczorek","2017-08-25"
"sp. ""saddle""","sp. nov.",,1,"John Wieczorek","2017-08-25"
"sp. ""sawfin shiner""","sp.",,1,"John Wieczorek","2017-08-25"
"sp. ""short adipose fin""","sp. nov.",,1,"John Wieczorek","2017-08-25"
"sp. ""urique""","sp.",,1,"John Wieczorek","2017-08-25"
"sp. ""walteri""","sp.",,1,"John Wieczorek","2017-08-25"
"sp. ""white caudal edge""","sp. nov.",,1,"John Wieczorek","2017-08-25"
"sp. # 1","sp.",,1,"John Wieczorek","2017-08-25"
"sp. #1","sp. nov.",,1,"John Wieczorek","2017-08-25"
"sp. #2","sp. nov.",,1,"John Wieczorek","2017-08-25"
"sp. #4","sp. nov.",,1,"John Wieczorek","2017-08-25"
"sp. (? alba)","sp.",,1,"John Wieczorek","2017-08-25"
"sp. (? azureus)","sp.",,1,"John Wieczorek","2017-08-25"
"sp. (? fernandezianus)","sp.",,1,"John Wieczorek","2017-08-25"
"sp. (? hollandi)","sp.",,1,"John Wieczorek","2017-08-25"
"sp. (? lispus)","sp.",,1,"John Wieczorek","2017-08-25"
"sp. (? n. sp.)","sp.",,1,"John Wieczorek","2017-08-25"
"sp. (? newnesi)","sp.",,1,"John Wieczorek","2017-08-25"
"sp. (? sinensis)","sp.",,1,"John Wieczorek","2017-08-25"
"sp. (?palumbus)","sp.",,1,"John Wieczorek","2017-08-25"
"sp. (albino)","sp.",,1,"John Wieczorek","2017-08-25"
"sp. (alnorum or trailli ?)","sp.",,1,"John Wieczorek","2017-08-25"
"sp. (altamazonica complex)","sp.",,1,"John Wieczorek","2017-08-25"
"sp. (ammoceotes)","sp.",,1,"John Wieczorek","2017-08-25"
"sp. (ammocoete)","sp.",,1,"John Wieczorek","2017-08-25"
"sp. (ammocoetes)","sp.",,1,"John Wieczorek","2017-08-25"
"sp. (arfakiana group)","sp.",,1,"John Wieczorek","2017-08-25"
"sp. (basin form)","sp.",,1,"John Wieczorek","2017-08-25"
"sp. (bicolor complex)","sp.",,1,"John Wieczorek","2017-08-25"
"sp. (bogotensis group)","sp.",,1,"John Wieczorek","2017-08-25"
"sp. (broad head)","sp.",,1,"John Wieczorek","2017-08-25"
"sp. (broadtail madtom)","sp.",,1,"John Wieczorek","2017-08-25"
"sp. (c.f. europaeus)","sp.",,1,"John Wieczorek","2017-08-25"
"sp. (calamarina-group)","sp.",,1,"John Wieczorek","2017-08-25"
"sp. (catharinae-group)","sp.",,1,"John Wieczorek","2017-08-25"
"sp. (Caura, Orinoco)","sp.",,1,"John Wieczorek","2017-08-25"
"sp. (cephalica-clade)","sp.",,1,"John Wieczorek","2017-08-25"
"sp. (cf. brevispinis)","cf. brevispinis",,1,"John Wieczorek","2017-08-25"
"sp. (cf. eos)","cf. eos",,1,"John Wieczorek","2017-08-25"
"sp. (cf. flavobrunneus)","cf. flavobrunneus",,1,"John Wieczorek","2017-08-25"
"sp. (cf. limbatus)","cf. limbatus",,1,"John Wieczorek","2017-08-25"
"sp. (cf. mediterraneus)","cf. mediterraneus",,1,"John Wieczorek","2017-08-25"
"sp. (cf. melanostoma)","cf. melanostoma",,1,"John Wieczorek","2017-08-25"
"sp. (cf. minutilus)","cf. minutilus",,1,"John Wieczorek","2017-08-25"
"sp. (cf. mollis)","cf. mollis",,1,"John Wieczorek","2017-08-25"
"sp. (cf. paradoxum)","cf. paradoxum",,1,"John Wieczorek","2017-08-25"
"sp. (cf. platophrys)","cf. platophrys",,1,"John Wieczorek","2017-08-25"
"sp. (cf. pulcher)","cf. pulcher",,1,"John Wieczorek","2017-08-25"
"sp. (cf. valdiviae)","cf. valdiviae",,1,"John Wieczorek","2017-08-25"
"sp. (cf. vexillaris)","cf. vexillaris",,1,"John Wieczorek","2017-08-25"
"sp. (chalconota-group)","sp.",,1,"John Wieczorek","2017-08-25"
"sp. (cocos long-nose)","sp.",,1,"John Wieczorek","2017-08-25"
"sp. (coelomys)","sp.",,1,"John Wieczorek","2017-08-25"
"sp. (dendriticus ?)","species in question",,1,"John Wieczorek","2017-08-25"
"sp. (draco group)","cf. draco group",,1,"John Wieczorek","2017-08-25"
"sp. (E. umbrinus or E. quadrivittatus)","sp.",,1,"John Wieczorek","2017-08-25"
"sp. (ebelingi ?)","species in question",,1,"John Wieczorek","2017-08-25"
"sp. (fuscoauratus-group)","sp.",,1,"John Wieczorek","2017-08-25"
"sp. (fuscus complex)","sp.",,1,"John Wieczorek","2017-08-25"
"sp. (grammicus-group)","sp.",,1,"John Wieczorek","2017-08-25"
"sp. (group I)","sp.",,1,"John Wieczorek","2017-08-25"
"sp. (group II)","sp.",,1,"John Wieczorek","2017-08-25"
"sp. ('group ii')","sp.",,1,"John Wieczorek","2017-08-25"
"sp. (group III)","sp.",,1,"John Wieczorek","2017-08-25"
"sp. (Holston)","sp.",,1,"John Wieczorek","2017-08-25"
"sp. (hybrid)","sp.",,1,"John Wieczorek","2017-08-25"
"sp. (hybrid?)","sp.",,1,"John Wieczorek","2017-08-25"
"sp. (jobiensis group)","sp.",,1,"John Wieczorek","2017-08-25"
"sp. (larva)","sp.",,1,"John Wieczorek","2017-08-25"
"sp. (lateralis group)","sp.",,1,"John Wieczorek","2017-08-25"
"sp. (lemniscatus-group)","sp.",,1,"John Wieczorek","2017-08-25"
"sp. (lesueurii complex)","sp.",,1,"John Wieczorek","2017-08-25"
"sp. (macconnelli / oleagineus)","sp.",,1,"John Wieczorek","2017-08-25"
"sp. (macronema)","cf. macronema",,1,"John Wieczorek","2017-08-25"
"sp. (margaritifera-complex)","sp.",,1,"John Wieczorek","2017-08-25"
"sp. (melanoleucus-group)","sp.",,1,"John Wieczorek","2017-08-25"
"sp. (melanonotus group)","sp.",,1,"John Wieczorek","2017-08-25"
"sp. (migrans?)","sp.",,1,"John Wieczorek","2017-08-25"
"sp. (notatus-group)","sp.",,1,"John Wieczorek","2017-08-25"
"sp. (ocellatus-group)","sp.",,1,"John Wieczorek","2017-08-25"
"sp. (ocellifer-group)","sp.",,1,"John Wieczorek","2017-08-25"
"sp. (ochrophaeus-complex)","sp.",,1,"John Wieczorek","2017-08-25"
"sp. (papua group)","sp.",,1,"John Wieczorek","2017-08-25"
"sp. (parviceps group)","sp.",,1,"John Wieczorek","2017-08-25"
"sp. (peregrina or ruficapilla ?)","sp.",,1,"John Wieczorek","2017-08-25"
"sp. (perpusillus group)","sp.",,1,"John Wieczorek","2017-08-25"
"sp. (philadelphia X tolmei)","philadelphia X tolmei",,1,"John Wieczorek","2017-08-25"
"sp. (pink)","sp.",,1,"John Wieczorek","2017-08-25"
"sp. (pipiens complex)","sp.",,1,"John Wieczorek","2017-08-25"
"sp. (podicipinus-wagneri complex)","sp.",,1,"John Wieczorek","2017-08-25"
"sp. (poor condition)","sp.",,1,"John Wieczorek","2017-08-25"
"sp. (possibly bifilis)","cf. bifilis",,1,"John Wieczorek","2017-08-25"
"sp. (possibly tolmiei)","sp.",,1,"John Wieczorek","2017-08-25"
"sp. (pratti group)","sp.",,1,"John Wieczorek","2017-08-25"
"sp. (prob. hybrid elegans X flaveolus)","sp.",,1,"John Wieczorek","2017-08-25"
"sp. (quechua-group)","sp.",,1,"John Wieczorek","2017-08-25"
"sp. (redband)","sp.",,1,"John Wieczorek","2017-08-25"
"sp. (rk sp3)","sp.",,1,"John Wieczorek","2017-08-25"
"sp. (ruber group)","sp.",,1,"John Wieczorek","2017-08-25"
"sp. (sajori)","cf. sajori",,1,"John Wieczorek","2017-08-25"
"sp. (schmidti-group)","cf. schmidti-group",,1,"John Wieczorek","2017-08-25"
"sp. (shag)","sp.",,1,"John Wieczorek","2017-08-25"
"sp. (speciosa or trichas)","sp.",,1,"John Wieczorek","2017-08-25"
"sp. (spumarius-complex)","sp.",,1,"John Wieczorek","2017-08-25"
"sp. (stanleyana group)","sp.",,1,"John Wieczorek","2017-08-25"
"sp. (stauriphora)","sp.",,1,"John Wieczorek","2017-08-25"
"sp. (taeniura)","sp.",,1,"John Wieczorek","2017-08-25"
"sp. (Tallapoosa sculpin)","sp.",,1,"John Wieczorek","2017-08-25"
"sp. (temporaria-group)","sp.",,1,"John Wieczorek","2017-08-25"
"sp. (trailii / alnorum [?])","sp.",,1,"John Wieczorek","2017-08-25"
"sp. (Type A)","sp.",,1,"John Wieczorek","2017-08-25"
"sp. (type B)","sp.",,1,"John Wieczorek","2017-08-25"
"sp. (urunguensis-group)","sp.",,1,"John Wieczorek","2017-08-25"
"sp. (variegatus-group)","sp.",,1,"John Wieczorek","2017-08-25"
"sp. (white)","sp.",,1,"John Wieczorek","2017-08-25"
"sp. (xantha ms)","sp.",,1,"John Wieczorek","2017-08-25"
"sp. (yellow)","sp.",,1,"John Wieczorek","2017-08-25"
"sp. ?","species in question",,1,"John Wieczorek","2017-08-25"
"sp. ??","species in question",,1,"John Wieczorek","2017-08-25"
"sp. ???","species in question",,1,"John Wieczorek","2017-08-25"
"sp. [? terminata]","cf. terminata",,1,"John Wieczorek","2017-08-25"
"sp. “adiposa larga”","sp. nov.",,1,"John Wieczorek","2017-08-25"
"sp. “banded”","sp. nov.",,1,"John Wieczorek","2017-08-25"
"sp. “brown”","sp. nov.",,1,"John Wieczorek","2017-08-25"
"sp. “bryconamericus”","sp. nov.",,1,"John Wieczorek","2017-08-25"
"sp. “bullocki”","sp. nov.",,1,"John Wieczorek","2017-08-25"
"sp. “chata”","sp. nov.",,1,"John Wieczorek","2017-08-25"
"sp. “chatta”","sp. nov.",,1,"John Wieczorek","2017-08-25"
"sp. “cheirodon”","sp. nov.",,1,"John Wieczorek","2017-08-25"
"sp. “circle E”","sp. nov.",,1,"John Wieczorek","2017-08-25"
"sp. “comma”","sp. nov.",,1,"John Wieczorek","2017-08-25"
"sp. “common”","sp. nov.",,1,"John Wieczorek","2017-08-25"
"sp. “dark”","sp. nov.",,1,"John Wieczorek","2017-08-25"
"sp. “deep body”","sp. nov.",,1,"John Wieczorek","2017-08-25"
"sp. “ditto”","sp. nov.",,1,"John Wieczorek","2017-08-25"
"sp. “dorsal spot”","sp. nov.",,1,"John Wieczorek","2017-08-25"
"sp. “dorsal white spots”","sp. nov.",,1,"John Wieczorek","2017-08-25"
"sp. “essequibo”","sp. nov.",,1,"John Wieczorek","2017-08-25"
"sp. “flat”","sp. nov.",,1,"John Wieczorek","2017-08-25"
"sp. “fused saddles”","sp. nov.",,1,"John Wieczorek","2017-08-25"
"sp. “ghost”","sp. nov.",,1,"John Wieczorek","2017-08-25"
"sp. “guapuche”","sp. nov.",,1,"John Wieczorek","2017-08-25"
"sp. “half stripe”","sp. nov.",,1,"John Wieczorek","2017-08-25"
"sp. “huge scales”","sp. nov.",,1,"John Wieczorek","2017-08-25"
"sp. “incomplete”","sp. nov.",,1,"John Wieczorek","2017-08-25"
"sp. “ireng”","sp. nov.",,1,"John Wieczorek","2017-08-25"
"sp. “line”","sp. nov.",,1,"John Wieczorek","2017-08-25"
"sp. “long”","sp. nov.",,1,"John Wieczorek","2017-08-25"
"sp. “membrane”","sp. nov.",,1,"John Wieczorek","2017-08-25"
"sp. “Muscadine darter”","sp. nov.",,1,"John Wieczorek","2017-08-25"
"sp. “muy larga”","sp. nov.",,1,"John Wieczorek","2017-08-25"
"sp. “no spot”","sp. nov.",,1,"John Wieczorek","2017-08-25"
"sp. “no spots”","sp. nov.",,1,"John Wieczorek","2017-08-25"
"sp. “no stripe”","sp. nov.",,1,"John Wieczorek","2017-08-25"
"sp. “orange humeral”","sp. nov.",,1,"John Wieczorek","2017-08-25"
"sp. “plain”","sp. nov.",,1,"John Wieczorek","2017-08-25"
"sp. “pseudo-browni”","sp. nov.",,1,"John Wieczorek","2017-08-25"
"sp. “pseudogephyrocharax”","sp. nov.",,1,"John Wieczorek","2017-08-25"
"sp. “pseudomicrostomus”","sp. nov.",,1,"John Wieczorek","2017-08-25"
"sp. “Sawfin Shiner”","sp. nov.",,1,"John Wieczorek","2017-08-25"
"sp. “short anal fin”","sp. nov.",,1,"John Wieczorek","2017-08-25"
"sp. “short”","sp. nov.",,1,"John Wieczorek","2017-08-25"
"sp. “silver stripe”","sp. nov.",,1,"John Wieczorek","2017-08-25"
"sp. “slender”","sp. nov.",,1,"John Wieczorek","2017-08-25"
"sp. “slim”","sp. nov.",,1,"John Wieczorek","2017-08-25"
"sp. “small saddle”","sp. nov.",,1,"John Wieczorek","2017-08-25"
"sp. “spot”","sp. nov.",,1,"John Wieczorek","2017-08-25"
"sp. “spots in stripe”","sp. nov.",,1,"John Wieczorek","2017-08-25"
"sp. “stripetail”","sp. nov.",,1,"John Wieczorek","2017-08-25"
"sp. “takutu 2”","sp. nov.",,1,"John Wieczorek","2017-08-25"
"sp. “takutu”","sp. nov.",,1,"John Wieczorek","2017-08-25"
"sp. “tencuanensis”","sp. nov.",,1,"John Wieczorek","2017-08-25"
"sp. “upper caudal spot”","sp. nov.",,1,"John Wieczorek","2017-08-25"
"sp. “ventuari”","sp. nov.",,1,"John Wieczorek","2017-08-25"
"sp. “white dots”","sp. nov.",,1,"John Wieczorek","2017-08-25"
"sp. “wide line”","sp. nov.",,1,"John Wieczorek","2017-08-25"
"sp. “wide stripe”","sp. nov.",,1,"John Wieczorek","2017-08-25"
"sp. “yupukari”","sp. nov.",,1,"John Wieczorek","2017-08-25"
"sp. 1","sp.",,1,"John Wieczorek","2017-08-25"
"sp. '1'","sp.",,1,"John Wieczorek","2017-08-25"
"sp. 1 (cf. macrophthalma)","cf. macrophthalma",,1,"John Wieczorek","2017-08-25"
"sp. 1.","sp.",,1,"John Wieczorek","2017-08-25"
"sp. 10","sp.",,1,"John Wieczorek","2017-08-25"
"sp. 11","sp.",,1,"John Wieczorek","2017-08-25"
"sp. 12","sp. 12",,1,"John Wieczorek","2017-08-25"
"sp. 13","sp. 13",,1,"John Wieczorek","2017-08-25"
"sp. 14","sp. 14",,1,"John Wieczorek","2017-08-25"
"sp. 15","sp. 15",,1,"John Wieczorek","2017-08-25"
"sp. 16","sp. 16",,1,"John Wieczorek","2017-08-25"
"sp. 17","sp. 17",,1,"John Wieczorek","2017-08-25"
"sp. 18","sp. 18",,1,"John Wieczorek","2017-08-25"
"sp. 19","sp. 19",,1,"John Wieczorek","2017-08-25"
"sp. 2","sp.",,1,"John Wieczorek","2017-08-25"
"sp. '2'","sp.",,1,"John Wieczorek","2017-08-25"
"sp. 20","sp. 20",,1,"John Wieczorek","2017-08-25"
"sp. 21","sp. 21",,1,"John Wieczorek","2017-08-25"
"sp. 22","sp. 22",,1,"John Wieczorek","2017-08-25"
"sp. 23","sp. 23",,1,"John Wieczorek","2017-08-25"
"sp. 24","sp. 24",,1,"John Wieczorek","2017-08-25"
"sp. 25","sp. 25",,1,"John Wieczorek","2017-08-25"
"sp. 26","sp. 26",,1,"John Wieczorek","2017-08-25"
"sp. 27","sp. 27",,1,"John Wieczorek","2017-08-25"
"sp. 28","sp.",,1,"John Wieczorek","2017-08-25"
"sp. 29","sp. 29",,1,"John Wieczorek","2017-08-25"
"sp. 3","sp.",,1,"John Wieczorek","2017-08-25"
"sp. 3 - Colorado","sp.",,1,"John Wieczorek","2017-08-25"
"sp. 3 (cf. orientalis)","cf. orientalis",,1,"John Wieczorek","2017-08-25"
"sp. 30","sp. 30",,1,"John Wieczorek","2017-08-25"
"sp. 303","sp.",,1,"John Wieczorek","2017-08-25"
"sp. 304","sp.",,1,"John Wieczorek","2017-08-25"
"sp. 305 longimanus","sp. 305 longimanus",,1,"John Wieczorek","2017-08-25"
"sp. 306 (paracanthus)","sp. 306 (paracanthus)",,1,"John Wieczorek","2017-08-25"
"sp. 307 (bilineatus)","sp. 307 (bilineatus)",,1,"John Wieczorek","2017-08-25"
"sp. 308 (comatus)","sp. 308 (comatus)",,1,"John Wieczorek","2017-08-25"
"sp. 309 (rectisetus)","sp. 309 (rectisetus)",,1,"John Wieczorek","2017-08-25"
"sp. 31","sp. 31",,1,"John Wieczorek","2017-08-25"
"sp. 311","sp.",,1,"John Wieczorek","2017-08-25"
"sp. 312","sp.",,1,"John Wieczorek","2017-08-25"
"sp. 314 xavierfilhoi","sp. 314 xavierfilhoi",,1,"John Wieczorek","2017-08-25"
"sp. 316 holdenae","sp. 316 holdenae",,1,"John Wieczorek","2017-08-25"
"sp. 319 marinhoi","sp. 319 marinhoi",,1,"John Wieczorek","2017-08-25"
"sp. 32","sp. 32",,1,"John Wieczorek","2017-08-25"
"sp. 324","sp.",,1,"John Wieczorek","2017-08-25"
"sp. 325","sp.",,1,"John Wieczorek","2017-08-25"
"sp. 326 amati","sp. 326 amati",,1,"John Wieczorek","2017-08-25"
"sp. 328 riccardiae","sp. 328 riccardiae",,1,"John Wieczorek","2017-08-25"
"sp. 33","sp. 33",,1,"John Wieczorek","2017-08-25"
"sp. 330","sp.",,1,"John Wieczorek","2017-08-25"
"sp. 338 nocturnigrus","sp. 338 nocturnigrus",,1,"John Wieczorek","2017-08-25"
"sp. 34","sp. 34",,1,"John Wieczorek","2017-08-25"
"sp. 35","sp. 35",,1,"John Wieczorek","2017-08-25"
"sp. 36","sp.",,1,"John Wieczorek","2017-08-25"
"sp. 37","sp. 37",,1,"John Wieczorek","2017-08-25"
"sp. 38","sp. 38",,1,"John Wieczorek","2017-08-25"
"sp. 39","sp. 39",,1,"John Wieczorek","2017-08-25"
"sp. 4","sp.",,1,"John Wieczorek","2017-08-25"
"sp. 4 dfh","sp.",,1,"John Wieczorek","2017-08-25"
"sp. 40","sp. 40",,1,"John Wieczorek","2017-08-25"
"sp. 41","sp. 41",,1,"John Wieczorek","2017-08-25"
"sp. 42","sp. 42",,1,"John Wieczorek","2017-08-25"
"sp. 43","sp. 43",,1,"John Wieczorek","2017-08-25"
"sp. 44","sp. 44",,1,"John Wieczorek","2017-08-25"
"sp. 45","sp. 45",,1,"John Wieczorek","2017-08-25"
"sp. 46","sp. 46",,1,"John Wieczorek","2017-08-25"
"sp. 47","sp. 47",,1,"John Wieczorek","2017-08-25"
"sp. 48","sp. 48",,1,"John Wieczorek","2017-08-25"
"sp. 49","sp. 49",,1,"John Wieczorek","2017-08-25"
"sp. 5","sp.",,1,"John Wieczorek","2017-08-25"
"sp. 5 ""wa allporti""","sp.",,1,"John Wieczorek","2017-08-25"
"sp. 50","sp. 50",,1,"John Wieczorek","2017-08-25"
"sp. 51","sp. 51",,1,"John Wieczorek","2017-08-25"
"sp. 52","sp. 52",,1,"John Wieczorek","2017-08-25"
"sp. 53","sp. 53",,1,"John Wieczorek","2017-08-25"
"sp. 54","sp. 54",,1,"John Wieczorek","2017-08-25"
"sp. 55","sp. 55",,1,"John Wieczorek","2017-08-25"
"sp. 56","sp. 56",,1,"John Wieczorek","2017-08-25"
"sp. 57","sp. 57",,1,"John Wieczorek","2017-08-25"
"sp. 58","sp. 58",,1,"John Wieczorek","2017-08-25"
"sp. 59","sp. 59",,1,"John Wieczorek","2017-08-25"
"sp. 6","sp.",,1,"John Wieczorek","2017-08-25"
"sp. 60","sp. 60",,1,"John Wieczorek","2017-08-25"
"sp. 62","sp.",,1,"John Wieczorek","2017-08-25"
"sp. 7","sp.",,1,"John Wieczorek","2017-08-25"
"sp. 7 dfh","sp.",,1,"John Wieczorek","2017-08-25"
"sp. 8","sp.",,1,"John Wieczorek","2017-08-25"
"sp. 9","sp.",,1,"John Wieczorek","2017-08-25"
"sp. 9 dfh","sp.",,1,"John Wieczorek","2017-08-25"
"sp. A","sp.",,1,"John Wieczorek","2017-08-25"
"sp. A  (n. sp.)","sp. nov.",,1,"John Wieczorek","2017-08-25"
"sp. A aff. granulosus","sp. A aff. granulosus",,1,"John Wieczorek","2017-08-25"
"sp. a cf. pseudoforbesi","sp. a cf. pseudoforbesi",,1,"John Wieczorek","2017-08-25"
"sp. A Johnson","sp. A Johnson",,1,"John Wieczorek","2017-08-25"
"sp. A sensu Ristedt","sp. A sensu Ristedt",,1,"John Wieczorek","2017-08-25"
"sp. A Witzke 1976","sp. A Witzke 1976",,1,"John Wieczorek","2017-08-25"
"sp. A Witzke and Strimple","sp. A Witzke and Strimple",,1,"John Wieczorek","2017-08-25"
"sp. A.","sp.",,1,"John Wieczorek","2017-08-25"
"sp. A/C","sp.",,1,"John Wieczorek","2017-08-25"
"sp. aff. attenuatum type 2","aff. attenuatum type 2",,1,"John Wieczorek","2017-08-25"
"sp. aff. furcatum type 1","aff. furcatum type 1",,1,"John Wieczorek","2017-08-25"
"sp. aff. galaxias","aff. galaxias",,1,"John Wieczorek","2017-08-25"
"sp. aff. jaegersteni type 1","aff. jaegersteni type 1",,1,"John Wieczorek","2017-08-25"
"sp. aff. lavenbergi","aff. lavenbergi",,1,"John Wieczorek","2017-08-25"
"sp. aff. lysina","aff. lysina",,1,"John Wieczorek","2017-08-25"
"sp. aff. marinus","aff. marinus",,1,"John Wieczorek","2017-08-25"
"sp. aff. punctitaeniatus","aff. punctitaeniatus",,1,"John Wieczorek","2017-08-25"
"sp. albogularis","sp.",,1,"John Wieczorek","2017-08-25"
"sp. B","sp.",,1,"John Wieczorek","2017-08-25"
"sp. B (D?)","sp.",,1,"John Wieczorek","2017-08-25"
"sp. B aff. granulosus","sp. B aff. granulosus",,1,"John Wieczorek","2017-08-25"
"sp. b cf. paraforbesi","sp. b cf. paraforbesi",,1,"John Wieczorek","2017-08-25"
"sp. B sensu Ristedt","sp. B sensu Ristedt",,1,"John Wieczorek","2017-08-25"
"sp. B Witzke 1976","sp. B Witzke 1976",,1,"John Wieczorek","2017-08-25"
"sp. B Witzke and Strimple","sp. B Witzke and Strimple",,1,"John Wieczorek","2017-08-25"
"sp. B.","sp.",,1,"John Wieczorek","2017-08-25"
"sp. BBN1","sp.",,1,"John Wieczorek","2017-08-25"
"sp. BBP1","sp.",,1,"John Wieczorek","2017-08-25"
"sp. BBP2","sp.",,1,"John Wieczorek","2017-08-25"
"sp. BBP3","sp.",,1,"John Wieczorek","2017-08-25"
"sp. bennetti","sp.",,1,"John Wieczorek","2017-08-25"
"sp. 'Bluestone sculpin'","sp.",,1,"John Wieczorek","2017-08-25"
"sp. bongolonensis","sp.",,1,"John Wieczorek","2017-08-25"
"sp. 'brindisi'","sp.",,1,"John Wieczorek","2017-08-25"
"sp. 'broadtail'","sp.",,1,"John Wieczorek","2017-08-25"
"sp. BSN1","sp.",,1,"John Wieczorek","2017-08-25"
"sp. BSN2","sp.",,1,"John Wieczorek","2017-08-25"
"sp. BSN9","sp.",,1,"John Wieczorek","2017-08-25"
"sp. BSNX","sp.",,1,"John Wieczorek","2017-08-25"
"sp. BSP1","sp.",,1,"John Wieczorek","2017-08-25"
"sp. BSP2","sp.",,1,"John Wieczorek","2017-08-25"
"sp. BSP4","sp.",,1,"John Wieczorek","2017-08-25"
"sp. C","sp.",,1,"John Wieczorek","2017-08-25"
"sp. C Witzke and Strimple","sp. C Witzke and Strimple",,1,"John Wieczorek","2017-08-25"
"sp. C&K","sp. C&K",,1,"John Wieczorek","2017-08-25"
"sp. c.f. arcticus","cf. arcticus",,1,"John Wieczorek","2017-08-25"
"sp. c.f. carbonaria","cf. carbonaria",,1,"John Wieczorek","2017-08-25"
"sp. c.f. nigrofasciata","cf. nigrofasciata",,1,"John Wieczorek","2017-08-25"
"sp. cf pteroides","cf. pteroides",,1,"John Wieczorek","2017-08-25"
"sp. cf.","cf.",,1,"John Wieczorek","2017-08-25"
"sp. cf. aestivalis","cf. aestivalis",,1,"John Wieczorek","2017-08-25"
"sp. cf. aestivalis “A”","cf. aestivalis “A”",,1,"John Wieczorek","2017-08-25"
"sp. cf. aestivalis “B”","cf. aestivalis “B”",,1,"John Wieczorek","2017-08-25"
"sp. cf. aestivalis “C”","cf. aestivalis “C”",,1,"John Wieczorek","2017-08-25"
"sp. cf. aestivalis A","cf. aestivalis A",,1,"John Wieczorek","2017-08-25"
"sp. cf. aestivalis B","cf. aestivalis B",,1,"John Wieczorek","2017-08-25"
"sp. cf. aestivalis C","cf. aestivalis C",,1,"John Wieczorek","2017-08-25"
"sp. cf. aestivalis D","cf. aestivalis D",,1,"John Wieczorek","2017-08-25"
"sp. cf. aestivalis 'D'","cf. aestivalis D",,1,"John Wieczorek","2017-08-25"
"sp. cf. albifimbria","cf. albifimbria",,1,"John Wieczorek","2017-08-25"
"sp. cf. alfari","cf. alfari",,1,"John Wieczorek","2017-08-25"
"sp. cf. asperifrons","cf. asperifrons",,1,"John Wieczorek","2017-08-25"
"sp. cf. asprigene","cf. asprigene",,1,"John Wieczorek","2017-08-25"
"sp. cf. aureum","cf. aureum",,1,"John Wieczorek","2017-08-25"
"sp. cf. austrinum","cf. austrinum",,1,"John Wieczorek","2017-08-25"
"sp. cf. bairdi","cf. bairdi",,1,"John Wieczorek","2017-08-25"
"sp. cf. bairdi 'hubbsi'","cf. bairdi 'hubbsi'",,1,"John Wieczorek","2017-08-25"
"sp. cf. bairdi 'smoky'","cf. bairdi 'smoky'",,1,"John Wieczorek","2017-08-25"
"sp. cf. bairdii","cf. bairdii",,1,"John Wieczorek","2017-08-25"
"sp. cf. balteatus","cf. balteatus",,1,"John Wieczorek","2017-08-25"
"sp. cf. bardi","cf. bairdi",,1,"John Wieczorek","2017-08-25"
"sp. cf. beldingi","cf. beldingi",,1,"John Wieczorek","2017-08-25"
"sp. cf. bellator","cf. bellator",,1,"John Wieczorek","2017-08-25"
"sp. cf. buchianus","sp. cf. buchianus",,1,"John Wieczorek","2017-08-25"
"sp. cf. caeruleomentum","cf. caeruleomentum",,1,"John Wieczorek","2017-08-25"
"sp. cf. caeruleum","cf. caeruleum",,1,"John Wieczorek","2017-08-25"
"sp. cf. caprodes","cf. caprodes",,1,"John Wieczorek","2017-08-25"
"sp. cf. carbonaria","cf. carbonaria",,1,"John Wieczorek","2017-08-25"
"sp. cf. carolinae","cf. carolinae",,1,"John Wieczorek","2017-08-25"
"sp. cf. clarki","cf. clarki",,1,"John Wieczorek","2017-08-25"
"sp. cf. cognatus","cf. cognatus",,1,"John Wieczorek","2017-08-25"
"sp. cf. coosae","cf. coosae",,1,"John Wieczorek","2017-08-25"
"sp. cf. cubana","cf. cubana",,1,"John Wieczorek","2017-08-25"
"sp. cf. cyprinus","cf. cyprinus",,1,"John Wieczorek","2017-08-25"
"sp. cf. cyprinus x velifer","cf. cyprinus x velifer",,1,"John Wieczorek","2017-08-25"
"sp. cf. cyrano","cf. cyrano",,1,"John Wieczorek","2017-08-25"
"sp. cf. ditrema","cf. ditrema",,1,"John Wieczorek","2017-08-25"
"sp. cf. duryi","cf. duryi",,1,"John Wieczorek","2017-08-25"
"sp. cf. elongatus","cf. elongatus",,1,"John Wieczorek","2017-08-25"
"sp. cf. episcopa","cf. episcopa",,1,"John Wieczorek","2017-08-25"
"sp. cf. erythrogaster","cf. erythrogaster",,1,"John Wieczorek","2017-08-25"
"sp. cf. fenestratum","cf. fenestratum",,1,"John Wieczorek","2017-08-25"
"sp. cf. floridae","cf. floridae",,1,"John Wieczorek","2017-08-25"
"sp. cf. gagei","cf. gagei",,1,"John Wieczorek","2017-08-25"
"sp. cf. hemiurus","cf. hemiurus",,1,"John Wieczorek","2017-08-25"
"sp. cf. hypselopterus","cf. hypselopterus",,1,"John Wieczorek","2017-08-25"
"sp. cf. lachneri","cf. lachneri",,1,"John Wieczorek","2017-08-25"
"sp. cf. lentignosum","cf. lentignosum",,1,"John Wieczorek","2017-08-25"
"sp. cf. leptacanthus","cf. leptacanthus",,1,"John Wieczorek","2017-08-25"
"sp. cf. leuciodus","cf. leuciodus",,1,"John Wieczorek","2017-08-25"
"sp. cf. longirostris","cf. longirostris",,1,"John Wieczorek","2017-08-25"
"sp. cf. macrocephala","cf. macrocephala",,1,"John Wieczorek","2017-08-25"
"sp. cf. maculata","cf. maculata",,1,"John Wieczorek","2017-08-25"
"sp. cf. melanonotata","cf. melanonotata",,1,"John Wieczorek","2017-08-25"
"sp. cf. munitus","cf. munitus",,1,"John Wieczorek","2017-08-25"
"sp. cf. mykiss","cf. mykiss",,1,"John Wieczorek","2017-08-25"
"sp. cf. occidentalis","cf. occidentalis",,1,"John Wieczorek","2017-08-25"
"sp. cf. palmaris","cf. palmaris",,1,"John Wieczorek","2017-08-25"
"sp. cf. pantostictum","cf. pantostictum",,1,"John Wieczorek","2017-08-25"
"sp. cf. parvus","cf. parvus",,1,"John Wieczorek","2017-08-25"
"sp. cf. pectinoides","sp. cf. pectinoides",,1,"John Wieczorek","2017-08-25"
"sp. cf. phaeton","cf. phaeton",,1,"John Wieczorek","2017-08-25"
"sp. cf. platiceps","cf. platiceps",,1,"John Wieczorek","2017-08-25"
"sp. cf. poecilurum","cf. poecilurum",,1,"John Wieczorek","2017-08-25"
"sp. cf. punctulatum","cf. punctulatum",,1,"John Wieczorek","2017-08-25"
"sp. cf. ramseyi","cf. ramseyi",,1,"John Wieczorek","2017-08-25"
"sp. cf. rhytisma","cf. rhytisma",,1,"John Wieczorek","2017-08-25"
"sp. cf. rubellus","cf. rubellus",,1,"John Wieczorek","2017-08-25"
"sp. cf. sapo","cf. sapo",,1,"John Wieczorek","2017-08-25"
"sp. cf. saylori","cf. saylori",,1,"John Wieczorek","2017-08-25"
"sp. cf. septemfasciatum","cf. septemfasciatum",,1,"John Wieczorek","2017-08-25"
"sp. cf. sollasi","cf. sollasi",,1,"John Wieczorek","2017-08-25"
"sp. cf. spectabile","cf. spectabile",,1,"John Wieczorek","2017-08-25"
"sp. cf. spectrunculus","cf. spectrunculus",,1,"John Wieczorek","2017-08-25"
"sp. cf. stigmaeum","cf. stigmaeum",,1,"John Wieczorek","2017-08-25"
"sp. cf. swaini","cf. swaini",,1,"John Wieczorek","2017-08-25"
"sp. cf. velifer","cf. velifer",,1,"John Wieczorek","2017-08-25"
"sp. cf. vitreum","cf. vitreum",,1,"John Wieczorek","2017-08-25"
"sp. cf. vitreus","cf. vitreus",,1,"John Wieczorek","2017-08-25"
"sp. cf. vulgaris","cf. vulgaris",,1,"John Wieczorek","2017-08-25"
"sp. cf. winchelli","cf. winchelli",,1,"John Wieczorek","2017-08-25"
"sp. cf. zonistium","cf. zonistium",,1,"John Wieczorek","2017-08-25"
"sp. 'chacamax'","sp.",,1,"John Wieczorek","2017-08-25"
"sp. 'chomba'","sp.",,1,"John Wieczorek","2017-08-25"
"sp. 'Clinch sculpin'","sp.",,1,"John Wieczorek","2017-08-25"
"sp. D","sp.",,1,"John Wieczorek","2017-08-25"
"sp. D Witzke and Strimple","sp. D Witzke and Strimple",,1,"John Wieczorek","2017-08-25"
"sp. div.","sp. div.",,1,"John Wieczorek","2017-08-25"
"sp. E","sp.",,1,"John Wieczorek","2017-08-25"
"sp. E Witzke and Strimple","sp. E Witzke and Strimple",,1,"John Wieczorek","2017-08-25"
"sp. E.","sp. nov.",,1,"John Wieczorek","2017-08-25"
"sp. 'ebano'","sp.",,1,"John Wieczorek","2017-08-25"
"sp. egg cases",,,1,"John Wieczorek","2017-08-25"
"sp. F","sp.",,1,"John Wieczorek","2017-08-25"
"sp. G","sp.",,1,"John Wieczorek","2017-08-25"
"sp. 'grammarion' ms","sp.",,1,"John Wieczorek","2017-08-25"
"sp. green","sp.",,1,"John Wieczorek","2017-08-25"
"sp. H",,,1,"John Wieczorek","2017-08-25"
"sp. H sensu Ristedt","sp. H sensu Ristedt",,1,"John Wieczorek","2017-08-25"
"sp. 'Holston sculpin'","sp.",,1,"John Wieczorek","2017-08-25"
"sp. hybrid","sp.",,1,"John Wieczorek","2017-08-25"
"sp. I","sp.",,1,"John Wieczorek","2017-08-25"
"sp. II","sp.",,1,"John Wieczorek","2017-08-25"
"sp. II-a","sp. nov.",,1,"John Wieczorek","2017-08-25"
"sp. III","sp.",,1,"John Wieczorek","2017-08-25"
"sp. incert","sp. incert.",,1,"John Wieczorek","2017-08-25"
"sp. incert.","sp. incert.",,1,"John Wieczorek","2017-08-25"
"sp. indet","sp.",,1,"John Wieczorek","2017-08-25"
"sp. indet.","sp. indet.",,1,"John Wieczorek","2017-08-25"
"Sp. IV",,,1,"John Wieczorek","2017-08-25"
"sp. J","sp.",,1,"John Wieczorek","2017-08-25"
"sp. J sensu Ristedt","sp. J sensu Ristedt",,1,"John Wieczorek","2017-08-25"
"sp. K","sp.",,1,"John Wieczorek","2017-08-25"
"sp. K sensu Ristedt","sp. K sensu Ristedt",,1,"John Wieczorek","2017-08-25"
"sp. kim-2","sp.",,1,"John Wieczorek","2017-08-25"
"sp. L","sp.",,1,"John Wieczorek","2017-08-25"
"sp. L260","sp. nov.",,1,"John Wieczorek","2017-08-25"
"sp. L333","sp. nov.",,1,"John Wieczorek","2017-08-25"
"sp. L340","sp. nov.",,1,"John Wieczorek","2017-08-25"
"sp. L66","sp. nov.",,1,"John Wieczorek","2017-08-25"
"sp. large tail nov.sp.A","sp. large tail nov.sp.A",,1,"John Wieczorek","2017-08-25"
"sp. 'las flores'","sp.",,1,"John Wieczorek","2017-08-25"
"sp. lemon","sp.",,1,"John Wieczorek","2017-08-25"
"sp. 'lemon'","sp.",,1,"John Wieczorek","2017-08-25"
"sp. lentigriosum","sp.",,1,"John Wieczorek","2017-08-25"
"sp. linea","sp.",,1,"John Wieczorek","2017-08-25"
"sp. 'linea'","sp.",,1,"John Wieczorek","2017-08-25"
"sp. lissmanni","sp.",,1,"John Wieczorek","2017-08-25"
"sp. M","sp. M",,1,"John Wieczorek","2017-08-25"
"sp. magnostipes","sp.",,1,"John Wieczorek","2017-08-25"
"sp. missing","sp.",,1,"John Wieczorek","2017-08-25"
"sp. morph A","sp. morph A",,1,"John Wieczorek","2017-08-25"
"sp. morph B","sp. morph B",,1,"John Wieczorek","2017-08-25"
"sp. N","sp. N",,1,"John Wieczorek","2017-08-25"
"sp. new","sp. nov.",,1,"John Wieczorek","2017-08-25"
"sp. ngouniensis","sp.",,1,"John Wieczorek","2017-08-25"
"sp. nigrum","sp.",,1,"John Wieczorek","2017-08-25"
"sp. nov","sp. nov.",,1,"John Wieczorek","2017-08-25"
"sp. nov 2","sp. nov.",,1,"John Wieczorek","2017-08-25"
"sp. nov.","sp. nov.",,1,"John Wieczorek","2017-08-25"
"sp. nov. (citrinipectus) Clancy & Lawson","sp. nov.",,1,"John Wieczorek","2017-08-25"
"sp. nov. (sirintarae)","sp. nov.",,1,"John Wieczorek","2017-08-25"
"sp. nov. (spinulosa)","sp. nov.",,1,"John Wieczorek","2017-08-25"
"sp. nov. 1","sp. nov.",,1,"John Wieczorek","2017-08-25"
"sp. nov. 2","sp. nov.",,1,"John Wieczorek","2017-08-25"
"sp. nov. 2","sp. nov.",,1,"John Wieczorek","2017-08-25"
"sp. nov. A","sp. nov. A",,1,"John Wieczorek","2017-08-25"
"sp. nov. angustirostris hellmayri","sp. nov.",,1,"John Wieczorek","2017-08-25"
"sp. nov. B","sp. nov. B",,1,"John Wieczorek","2017-08-25"
"sp. nov. bonariensis","sp. nov.",,1,"John Wieczorek","2017-08-25"
"sp. nov. C","sp. nov. C",,1,"John Wieczorek","2017-08-25"
"sp. nov. Fitzpatrick","sp. nov.",,1,"John Wieczorek","2017-08-25"
"sp. nov. ms","sp. nov.",,1,"John Wieczorek","2017-08-25"
"sp. NZO","sp. nov.",,1,"John Wieczorek","2017-08-25"
"sp. offouensis","sp.",,1,"John Wieczorek","2017-08-25"
"sp. Ojo pequeno","sp.",,1,"John Wieczorek","2017-08-25"
"sp. okanoensis","sp.",,1,"John Wieczorek","2017-08-25"
"sp. 'o-lugubris'","sp.",,1,"John Wieczorek","2017-08-25"
"sp. 'o-walacii'","sp.",,1,"John Wieczorek","2017-08-25"
"sp. 'o-wallacii'","sp.",,1,"John Wieczorek","2017-08-25"
"sp. palida","sp.",,1,"John Wieczorek","2017-08-25"
"sp. parsegnis","sp.",,1,"John Wieczorek","2017-08-25"
"sp. puffinus","sp.",,1,"John Wieczorek","2017-08-25"
"sp. robertsi","sp.",,1,"John Wieczorek","2017-08-25"
"sp. rufina","sp.",,1,"John Wieczorek","2017-08-25"
"sp. rw-32","sp.",,1,"John Wieczorek","2017-08-25"
"sp. scissor tail","sp.",,1,"John Wieczorek","2017-08-25"
"sp. 'scissor tail'","sp.",,1,"John Wieczorek","2017-08-25"
"sp. 'sicklefin'","sp.",,1,"John Wieczorek","2017-08-25"
"sp. slender","sp.",,1,"John Wieczorek","2017-08-25"
"sp. 'slender'","sp.",,1,"John Wieczorek","2017-08-25"
"sp. small","sp. small",,1,"John Wieczorek","2017-08-25"
"sp. small eye","sp. nov.",,1,"John Wieczorek","2017-08-25"
"sp. SN3","sp.",,1,"John Wieczorek","2017-08-25"
"sp. SN4","sp.",,1,"John Wieczorek","2017-08-25"
"sp. SN9","sp.",,1,"John Wieczorek","2017-08-25"
"sp. 'spotted'","sp.",,1,"John Wieczorek","2017-08-25"
"sp. striped","sp.",,1,"John Wieczorek","2017-08-25"
"sp. szaboi","sp.",,1,"John Wieczorek","2017-08-25"
"sp. T","sp. T",,1,"John Wieczorek","2017-08-25"
"sp. tail moyenne,nov.sp.B","sp. tail moyenne,nov.sp.B",,1,"John Wieczorek","2017-08-25"
"sp. 'Tallapoosa sculpin'","sp.",,1,"John Wieczorek","2017-08-25"
"sp. 'Teapa'","sp.",,1,"John Wieczorek","2017-08-25"
"sp. tenuicauda","sp.",,1,"John Wieczorek","2017-08-25"
"sp. TS2","sp.",,1,"John Wieczorek","2017-08-25"
"sp. TS3","sp.",,1,"John Wieczorek","2017-08-25"
"sp. Type 1","sp.",,1,"John Wieczorek","2017-08-25"
"sp. undet.","sp. incert.",,1,"John Wieczorek","2017-08-25"
"sp. unnamed","sp.",,1,"John Wieczorek","2017-08-25"
"sp. vadamans","sp.",,1,"John Wieczorek","2017-08-25"
"sp. vel Juglans sp.","sp. vel Juglans sp.",,1,"John Wieczorek","2017-08-25"
"Sp. VII",,,1,"John Wieczorek","2017-08-25"
"sp. w1","sp.",,1,"John Wieczorek","2017-08-25"
"sp. w2","sp.",,1,"John Wieczorek","2017-08-25"
"sp. w4","sp.",,1,"John Wieczorek","2017-08-25"
"sp. white-chest","sp.",,1,"John Wieczorek","2017-08-25"
"sp. X","sp.",,1,"John Wieczorek","2017-08-25"
"sp. X sp.","sp. X sp.",,1,"John Wieczorek","2017-08-25"
"sp. X venustus","sp. X venustus",,1,"John Wieczorek","2017-08-25"
"sp. Y","sp.",,1,"John Wieczorek","2017-08-25"
"sp.","sp.",,1,"John Wieczorek","2017-08-25"
"sp..","sp.",,1,"John Wieczorek","2017-08-25"
"sp.;","sp.",,1,"John Wieczorek","2017-08-25"
"sp.”ventuari”","sp. nov.",,1,"John Wieczorek","2017-08-25"
"sp.1","sp.",,1,"John Wieczorek","2017-08-25"
"sp.10","sp.10",,1,"John Wieczorek","2017-08-25"
"sp.11","sp.",,1,"John Wieczorek","2017-08-25"
"sp.12","sp.12",,1,"John Wieczorek","2017-08-25"
"sp.1-2","sp.1-2",,1,"John Wieczorek","2017-08-25"
"sp.13","sp.",,1,"John Wieczorek","2017-08-25"
"sp.14","sp.",,1,"John Wieczorek","2017-08-25"
"sp.15","sp.15",,1,"John Wieczorek","2017-08-25"
"sp.16","sp.16",,1,"John Wieczorek","2017-08-25"
"sp.17","sp.17",,1,"John Wieczorek","2017-08-25"
"sp.18","sp.18",,1,"John Wieczorek","2017-08-25"
"sp.19","sp.19",,1,"John Wieczorek","2017-08-25"
"sp.2","sp.",,1,"John Wieczorek","2017-08-25"
"sp.21","sp.21",,1,"John Wieczorek","2017-08-25"
"sp.3","sp.",,1,"John Wieczorek","2017-08-25"
"sp.4","sp.",,1,"John Wieczorek","2017-08-25"
"sp.4 (cf.diastema)","cf. diastema",,1,"John Wieczorek","2017-08-25"
"sp.4.","sp.",,1,"John Wieczorek","2017-08-25"
"sp.5","sp.",,1,"John Wieczorek","2017-08-25"
"sp.6","sp.",,1,"John Wieczorek","2017-08-25"
"sp.7","sp.",,1,"John Wieczorek","2017-08-25"
"sp.8","sp.",,1,"John Wieczorek","2017-08-25"
"sp.9","sp.",,1,"John Wieczorek","2017-08-25"
"sp.A","sp.",,1,"John Wieczorek","2017-08-25"
"sp.A.","sp.",,1,"John Wieczorek","2017-08-25"
"sp.A`","sp.A`",,1,"John Wieczorek","2017-08-25"
"sp.b","sp.",,1,"John Wieczorek","2017-08-25"
"sp.B (cf.bransfordii)","cf. bransfordii",,1,"John Wieczorek","2017-08-25"
"sp.C",,,1,"John Wieczorek","2017-08-25"
"sp.cf. winchelli","cf. winchelli",,1,"John Wieczorek","2017-08-25"
"sp.D","sp.D",,1,"John Wieczorek","2017-08-25"
"sp.E","sp.E",,1,"John Wieczorek","2017-08-25"
"sp.F","sp.F",,1,"John Wieczorek","2017-08-25"
"sp.G","sp.G",,1,"John Wieczorek","2017-08-25"
"sp.H","sp.H",,1,"John Wieczorek","2017-08-25"
"sp.I","sp.I",,1,"John Wieczorek","2017-08-25"
"sp.III (c.f.cruentes)","sp.",,1,"John Wieczorek","2017-08-25"
"sp.indet.","sp.",,1,"John Wieczorek","2017-08-25"
"sp.juv.","sp.juv.",,1,"John Wieczorek","2017-08-25"
"sp.K","sp.K",,1,"John Wieczorek","2017-08-25"
"sp.L","sp.L",,1,"John Wieczorek","2017-08-25"
"sp.M","sp.M",,1,"John Wieczorek","2017-08-25"
"sp.n","sp. nov.",,1,"John Wieczorek","2017-08-25"
"sp.--not M. mogollonensis","sp.",,1,"John Wieczorek","2017-08-25"
"sp.nov.","sp. nov.",,1,"John Wieczorek","2017-08-25"
"sp.nov.-Laetoli","sp.nov.-Laetoli",,1,"John Wieczorek","2017-08-25"
"sp.O","sp.O",,1,"John Wieczorek","2017-08-25"
"sp.'o-walacii'","sp.",,1,"John Wieczorek","2017-08-25"
"sp.Q","sp.Q",,1,"John Wieczorek","2017-08-25"
"sp.R","sp.R",,1,"John Wieczorek","2017-08-25"
"sp.S","sp.S",,1,"John Wieczorek","2017-08-25"
"sp.T","sp.T",,1,"John Wieczorek","2017-08-25"
"sp.U","sp.U",,1,"John Wieczorek","2017-08-25"
"sp.X","sp.X",,1,"John Wieczorek","2017-08-25"
"sp?","species in question",,1,"John Wieczorek","2017-08-25"
"sp?, worn","species in question",,1,"John Wieczorek","2017-08-25"
"sp?; L > 4mm (Weil 2004)","species in question",,1,"John Wieczorek","2017-08-25"
"sp?; not available to GPW","species in question",,1,"John Wieczorek","2017-08-25"
"sp?; not id-able to sp. (Weil 2004)","species in question",,1,"John Wieczorek","2017-08-25"
"sparveria (subsp.)","ssp.",,1,"John Wieczorek","2017-08-25"
"spcf","cf.",,1,"John Wieczorek","2017-08-25"
"species in question","species in question",,1,"John Wieczorek","2017-08-25"
"species questioned","species in question",,1,"John Wieczorek","2017-08-25"
"species: ?","species in question",,1,"John Wieczorek","2017-09-18"
"species: aff.","aff.",,1,"John Wieczorek","2017-09-18"
"species: cf.","cf.",,1,"John Wieczorek","2017-09-18"
"species: ex gr.","ex gr.",,1,"John Wieczorek","2017-09-19"
"species: informal","informal",,1,"John Wieczorek","2017-09-18"
"species: n. sp.","sp. nov.",,1,"John Wieczorek","2017-09-18"
"spiralocucullata sp. ined.","spiralocucullata sp. ined.",,1,"John Wieczorek","2017-08-25"
"ss ?","subspecies in question",,1,"John Wieczorek","2017-08-25"
"ss cf","cf.",,1,"John Wieczorek","2017-08-25"
"ssp","ssp.",,1,"John Wieczorek","2017-08-25"
"ssp.","ssp.",,1,"John Wieczorek","2017-08-25"
"STICTOS N.SP.","sp. nov.",,1,"John Wieczorek","2017-08-25"
"subadult",,,1,"John Wieczorek","2017-08-25"
"subadult?",,,1,"John Wieczorek","2017-08-25"
"subcl. elasmobranchii",,,1,"John Wieczorek","2017-08-25"
"subgenus: ?","subgenus in question",,1,"John Wieczorek","2017-09-19"
"Suborder= Acanthuroidei",,,1,"John Wieczorek","2017-08-25"
"subsp cf","cf.",,1,"John Wieczorek","2017-08-25"
"subsp. ","ssp.",,1,"John Wieczorek","2017-08-25"
"subspecies in question","subspecies in question",,1,"John Wieczorek","2017-08-25"
"subspecies questioned","subspecies in question",,1,"John Wieczorek","2017-08-25"
"Subspecies uncertain",,,1,"John Wieczorek","2017-08-25"
"susanae n. sp.","sp. nov.",,1,"John Wieczorek","2017-08-25"
"tabira ssp. 1","ssp.",,1,"John Wieczorek","2017-08-25"
"tblidentificationqualifier.identqualifiername: Genus and Species uncertain, Family identified; tblidentificationqualifier.identqualifiercode: Genus ? species ?, Family known;",,,1,"John Wieczorek","2017-08-25"
"tblidentificationqualifier.identqualifiername: Genus and Species unknown, Family identified; tblidentificationqualifier.identqualifiercode: Genus blank and species blank or ""sp."", Family known;",,,1,"John Wieczorek","2017-08-25"
"tblidentificationqualifier.identqualifiername: Genus identified, Species uncertain; tblidentificationqualifier.identqualifiercode: Genus species ? or (""species 1/A or species 2/B"") or ""affin"";","sp.",,1,"John Wieczorek","2017-08-25"
"tblidentificationqualifier.identqualifiername: Genus identified, Species unknown; tblidentificationqualifier.identqualifiercode: Genus ""sp."";","sp.",,1,"John Wieczorek","2017-08-25"
"tblidentificationqualifier.identqualifiername: Genus uncertain, Species unknown, Family identified; tblidentificationqualifier.identqualifiercode: Genus ? ""sp."" but Family known;","?",,1,"John Wieczorek","2017-08-25"
"tblidentificationqualifier.identqualifiername: Genus, Species and Family uncertain; tblidentificationqualifier.identqualifiercode: Genus ? species ? Family ?;",,,1,"John Wieczorek","2017-08-25"
"tblidentificationqualifier.identqualifiername: Some uncertainty as to identification; tblidentificationqualifier.identqualifiercode: Common name ? or ""identity uncertain"" in notes;","?",,1,"John Wieczorek","2017-08-25"
"tblidentificationqualifier.identqualifiername: Subspecies uncertain; tblidentificationqualifier.identqualifiercode: Genus species subspecies ?;","ssp.",,1,"John Wieczorek","2017-08-25"
"tblidentificationqualifier.identqualifiername: Unidentified; tblidentificationqualifier.identqualifiercode: Genus AND species AND family vacant or blank;",,,1,"John Wieczorek","2017-08-25"
"tent sp","species in question",,1,"John Wieczorek","2017-08-25"
"tenue sp. nov.","sp. nov.",,1,"John Wieczorek","2017-08-25"
"tribe: Microtini",,,1,"John Wieczorek","2017-08-25"
"trimerorhachis also",,,1,"John Wieczorek","2017-08-25"
"Uintasoricinae",,,1,"John Wieczorek","2017-08-25"
"unidentata parv",,,1,"John Wieczorek","2017-08-25"
"unidentata pras",,,1,"John Wieczorek","2017-08-25"
"unidentata sebe",,,1,"John Wieczorek","2017-08-25"
"Unidentified",,,1,"John Wieczorek","2017-08-25"
"venusta x sp.","venusta X sp.",,1,"John Wieczorek","2017-08-25"
"Vespertilionoidea cf fm","cf.",,1,"John Wieczorek","2017-08-25"
"vivax X sp.","vivax X sp.",,1,"John Wieczorek","2017-08-25"
"Waite & Longman, 1920",,,1,"John Wieczorek","2017-08-25"
"websteri sp.nov.","sp. nov.",,1,"John Wieczorek","2017-08-25"
"white sp.","sp.",,1,"John Wieczorek","2017-08-25"
"willii gen & sp",,,1,"John Wieczorek","2017-08-25"
"wood-masoni n.","sp. nov.",,1,"John Wieczorek","2017-08-25"
"worn",,,1,"John Wieczorek","2017-08-25"
"worn, not id-able (Weil 2004)",,,1,"John Wieczorek","2017-08-25"
"x ""hybrid""","hybrid",,1,"John Wieczorek","2017-08-25"
"x americana","x americana",,1,"John Wieczorek","2017-08-25"
"x caerulescens","x caerulescens",,1,"John Wieczorek","2017-08-25"
"x cafer","x cafer",,1,"John Wieczorek","2017-08-25"
"x genus changed from Amphispiza according to Clements 6.7",,,1,"John Wieczorek","2017-08-25"
"x geolthlypis","x geolthlypis",,1,"John Wieczorek","2017-08-25"
"x harlani","x harlani",,1,"John Wieczorek","2017-08-25"
"x hybrid","x hybrid",,1,"John Wieczorek","2017-08-25"
"x lupus","x lupus",,1,"John Wieczorek","2017-08-25"
"x luteus","x luteus",,1,"John Wieczorek","2017-08-25"
"x macrovra","x macrovra",,1,"John Wieczorek","2017-08-25"
"x oreganus","x oreganus",,1,"John Wieczorek","2017-08-25"
"x punctulata","x punctulata",,1,"John Wieczorek","2017-08-25"
"x tolmiei","x tolmiei",,1,"John Wieczorek","2017-08-25"
"x virginianus","x virginianus",,1,"John Wieczorek","2017-08-25"
